Etc/UTC,Open,High,Low,Close,Volume
2017-06-15T00:00:00+00:00,46.805,46.83,46.755,46.815,10687
2017-06-15T00:01:00+00:00,46.81,46.815,46.805,46.815,1764
2017-06-15T00:02:00+00:00,46.82,46.87,46.82,46.87,4662
2017-06-15T00:03:00+00:00,46.865,46.865,46.855,46.855,378
2017-06-15T00:04:00+00:00,46.86,46.87,46.845,46.85,1512
2017-06-15T00:05:00+00:00,46.845,46.885,46.845,46.88,2646
2017-06-15T00:06:00+00:00,46.885,46.925,46.885,46.92,2814
2017-06-15T00:07:00+00:00,46.915,46.95,46.91,46.915,2772
2017-06-15T00:08:00+00:00,46.91,46.91,46.895,46.905,2562
2017-06-15T00:09:00+00:00,46.91,46.92,46.905,46.92,1260
2017-06-15T00:10:00+00:00,46.915,46.92,46.915,46.915,378
2017-06-15T00:11:00+00:00,46.92,46.92,46.91,46.91,1008
2017-06-15T00:12:00+00:00,46.915,46.915,46.91,46.91,252
2017-06-15T00:13:00+00:00,46.915,46.92,46.91,46.92,756
2017-06-15T00:14:00+00:00,46.915,46.93,46.91,46.925,1386
2017-06-15T00:15:00+00:00,46.93,46.93,46.9,46.91,924
2017-06-15T00:16:00+00:00,46.905,46.915,46.9,46.915,672
2017-06-15T00:17:00+00:00,46.91,46.91,46.91,46.91,126
2017-06-15T00:18:00+00:00,46.895,46.895,46.895,46.895,126
2017-06-15T00:19:00+00:00,46.89,46.89,46.89,46.89,126
2017-06-15T00:20:00+00:00,46.895,46.895,46.895,46.895,126
2017-06-15T00:21:00+00:00,46.9,46.9,46.9,46.9,337
2017-06-15T00:22:00+00:00,46.905,46.91,46.905,46.905,378
2017-06-15T00:23:00+00:00,46.91,46.91,46.91,46.91,126
2017-06-15T00:24:00+00:00,46.905,46.905,46.905,46.905,126
2017-06-15T00:25:00+00:00,46.895,46.905,46.895,46.9,588
2017-06-15T00:27:00+00:00,46.905,46.91,46.905,46.905,378
2017-06-15T00:28:00+00:00,46.9,46.905,46.9,46.9,462
2017-06-15T00:29:00+00:00,46.905,46.91,46.9,46.905,672
2017-06-15T00:30:00+00:00,46.91,46.915,46.905,46.915,504
2017-06-15T00:31:00+00:00,46.92,46.92,46.915,46.92,378
2017-06-15T00:33:00+00:00,46.905,46.925,46.905,46.925,1123
2017-06-15T00:34:00+00:00,46.92,46.935,46.92,46.935,504
2017-06-15T00:35:00+00:00,46.925,46.93,46.925,46.93,252
2017-06-15T00:38:00+00:00,46.915,46.94,46.915,46.94,1249
2017-06-15T00:39:00+00:00,46.93,46.93,46.905,46.905,756
2017-06-15T00:40:00+00:00,46.9,46.9,46.895,46.9,462
2017-06-15T00:41:00+00:00,46.905,46.905,46.905,46.905,126
2017-06-15T00:42:00+00:00,46.9,46.905,46.9,46.905,294
2017-06-15T00:43:00+00:00,46.9,46.905,46.9,46.905,295
2017-06-15T00:44:00+00:00,46.9,46.9,46.875,46.885,1428
2017-06-15T00:45:00+00:00,46.9,46.9,46.89,46.89,127
2017-06-15T00:46:00+00:00,46.885,46.895,46.885,46.895,630
2017-06-15T00:47:00+00:00,46.89,46.9,46.89,46.9,420
2017-06-15T00:49:00+00:00,46.895,46.905,46.895,46.905,420
2017-06-15T00:51:00+00:00,46.91,46.915,46.895,46.895,1050
2017-06-15T00:52:00+00:00,46.89,46.89,46.885,46.885,252
2017-06-15T00:53:00+00:00,46.89,46.9,46.885,46.895,1218
2017-06-15T00:54:00+00:00,46.9,46.9,46.9,46.9,168
2017-06-15T00:55:00+00:00,46.905,46.925,46.905,46.92,1386
2017-06-15T00:56:00+00:00,46.915,46.925,46.915,46.915,882
2017-06-15T00:57:00+00:00,46.92,46.92,46.885,46.885,1008
2017-06-15T00:59:00+00:00,46.89,46.895,46.89,46.895,504
2017-06-15T01:00:00+00:00,46.9,46.92,46.9,46.91,1848
2017-06-15T01:01:00+00:00,46.915,46.925,46.915,46.92,882
2017-06-15T01:02:00+00:00,46.915,46.92,46.91,46.915,882
2017-06-15T01:03:00+00:00,46.92,46.925,46.91,46.91,1008
2017-06-15T01:04:00+00:00,46.915,46.915,46.91,46.91,252
2017-06-15T01:05:00+00:00,46.915,46.925,46.915,46.925,504
2017-06-15T01:06:00+00:00,46.9,46.92,46.9,46.915,253
2017-06-15T01:07:00+00:00,46.92,46.93,46.92,46.925,630
2017-06-15T01:08:00+00:00,46.93,46.93,46.925,46.925,252
2017-06-15T01:10:00+00:00,46.93,46.93,46.925,46.925,1260
2017-06-15T01:11:00+00:00,46.93,46.93,46.925,46.925,1008
2017-06-15T01:12:00+00:00,46.93,46.935,46.92,46.925,2142
2017-06-15T01:13:00+00:00,46.92,46.93,46.915,46.915,756
2017-06-15T01:14:00+00:00,46.92,46.925,46.915,46.92,630
2017-06-15T01:15:00+00:00,46.915,46.925,46.915,46.915,630
2017-06-15T01:16:00+00:00,46.92,46.925,46.92,46.92,504
2017-06-15T01:17:00+00:00,46.915,46.925,46.915,46.925,630
2017-06-15T01:18:00+00:00,46.92,46.925,46.92,46.925,252
2017-06-15T01:19:00+00:00,46.9,46.925,46.9,46.925,127
2017-06-15T01:20:00+00:00,46.93,46.935,46.925,46.925,630
2017-06-15T01:21:00+00:00,46.905,46.925,46.9,46.925,1124
2017-06-15T01:22:00+00:00,46.92,46.92,46.92,46.92,126
2017-06-15T01:23:00+00:00,46.905,46.925,46.905,46.925,871
2017-06-15T01:24:00+00:00,46.92,46.925,46.92,46.925,756
2017-06-15T01:25:00+00:00,46.93,46.935,46.925,46.93,1764
2017-06-15T01:26:00+00:00,46.935,46.935,46.925,46.93,1008
2017-06-15T01:27:00+00:00,46.925,46.935,46.925,46.935,1260
2017-06-15T01:28:00+00:00,46.93,46.935,46.93,46.935,1512
2017-06-15T01:29:00+00:00,46.94,46.945,46.94,46.945,252
2017-06-15T01:30:00+00:00,46.94,46.945,46.93,46.945,756
2017-06-15T01:31:00+00:00,46.935,46.955,46.935,46.95,1375
2017-06-15T01:32:00+00:00,46.96,46.96,46.935,46.935,1386
2017-06-15T01:33:00+00:00,46.93,46.945,46.925,46.945,1386
2017-06-15T01:34:00+00:00,46.94,46.94,46.93,46.93,630
2017-06-15T01:35:00+00:00,46.935,46.94,46.935,46.935,378
2017-06-15T01:36:00+00:00,46.94,46.945,46.94,46.945,252
2017-06-15T01:37:00+00:00,46.95,46.965,46.945,46.945,630
2017-06-15T01:38:00+00:00,46.925,46.925,46.925,46.925,745
2017-06-15T01:39:00+00:00,46.95,46.955,46.94,46.94,630
2017-06-15T01:40:00+00:00,46.935,46.945,46.935,46.945,756
2017-06-15T01:41:00+00:00,46.95,46.95,46.945,46.945,252
2017-06-15T01:42:00+00:00,46.94,46.945,46.94,46.945,252
2017-06-15T01:43:00+00:00,46.94,46.95,46.94,46.95,378
2017-06-15T01:44:00+00:00,46.945,46.955,46.945,46.955,378
2017-06-15T01:45:00+00:00,46.95,46.965,46.95,46.965,504
2017-06-15T01:46:00+00:00,46.96,46.965,46.955,46.955,3024
2017-06-15T01:47:00+00:00,46.96,46.965,46.955,46.955,1386
2017-06-15T01:48:00+00:00,46.96,46.96,46.95,46.96,1638
2017-06-15T01:49:00+00:00,46.955,46.96,46.95,46.955,2142
2017-06-15T01:50:00+00:00,46.965,46.965,46.955,46.955,378
2017-06-15T01:51:00+00:00,46.96,46.96,46.955,46.955,252
2017-06-15T01:52:00+00:00,46.97,47.01,46.97,46.99,3402
2017-06-15T01:53:00+00:00,46.995,47.005,46.985,46.995,1890
2017-06-15T01:54:00+00:00,46.99,46.995,46.945,46.95,3906
2017-06-15T01:55:00+00:00,46.945,46.96,46.925,46.95,3150
2017-06-15T01:56:00+00:00,46.945,46.955,46.94,46.95,1512
2017-06-15T01:57:00+00:00,46.955,46.955,46.95,46.955,378
2017-06-15T01:58:00+00:00,46.95,46.955,46.935,46.94,882
2017-06-15T01:59:00+00:00,46.95,46.985,46.945,46.985,1638
2017-06-15T02:00:00+00:00,46.98,46.98,46.92,46.945,3654
2017-06-15T02:01:00+00:00,46.94,46.94,46.935,46.935,504
2017-06-15T02:02:00+00:00,46.94,46.965,46.935,46.965,1512
2017-06-15T02:04:00+00:00,46.97,46.975,46.97,46.975,252
2017-06-15T02:05:00+00:00,46.97,46.97,46.96,46.965,756
2017-06-15T02:06:00+00:00,46.935,46.965,46.935,46.965,1616
2017-06-15T02:07:00+00:00,46.96,46.975,46.96,46.975,630
2017-06-15T02:09:00+00:00,46.98,46.98,46.975,46.975,252
2017-06-15T02:10:00+00:00,46.98,46.985,46.975,46.985,1008
2017-06-15T02:11:00+00:00,46.98,46.985,46.98,46.985,504
2017-06-15T02:13:00+00:00,46.98,46.995,46.98,46.995,630
2017-06-15T02:14:00+00:00,46.99,46.995,46.99,46.99,630
2017-06-15T02:15:00+00:00,46.995,46.995,46.98,46.99,882
2017-06-15T02:16:00+00:00,46.98,46.985,46.975,46.98,1260
2017-06-15T02:17:00+00:00,46.975,46.975,46.945,46.96,1134
2017-06-15T02:18:00+00:00,46.955,46.955,46.955,46.955,126
2017-06-15T02:19:00+00:00,46.96,46.965,46.955,46.955,756
2017-06-15T02:20:00+00:00,46.96,46.98,46.96,46.98,756
2017-06-15T02:21:00+00:00,46.975,46.98,46.965,46.965,1134
2017-06-15T02:22:00+00:00,46.96,46.985,46.96,46.98,1008
2017-06-15T02:23:00+00:00,46.985,47.005,46.985,46.995,1134
2017-06-15T02:24:00+00:00,47,47,46.995,46.995,504
2017-06-15T02:26:00+00:00,46.995,47.02,46.995,47.005,1512
2017-06-15T02:27:00+00:00,47.01,47.025,47.005,47.025,3276
2017-06-15T02:28:00+00:00,47.02,47.025,47,47.005,1260
2017-06-15T02:29:00+00:00,47,47.005,46.995,47.005,504
2017-06-15T02:30:00+00:00,47,47,46.98,46.995,882
2017-06-15T02:31:00+00:00,46.985,46.985,46.985,46.985,126
2017-06-15T02:32:00+00:00,46.955,46.985,46.955,46.985,1627
2017-06-15T02:33:00+00:00,46.98,46.98,46.98,46.98,126
2017-06-15T02:34:00+00:00,46.975,47,46.975,46.995,1008
2017-06-15T02:35:00+00:00,46.99,46.99,46.99,46.99,126
2017-06-15T02:37:00+00:00,46.955,46.99,46.955,46.98,1627
2017-06-15T02:38:00+00:00,46.985,46.995,46.985,46.99,1008
2017-06-15T02:39:00+00:00,46.985,46.985,46.98,46.98,252
2017-06-15T02:40:00+00:00,46.985,46.985,46.975,46.98,504
2017-06-15T02:41:00+00:00,46.965,46.985,46.965,46.985,871
2017-06-15T02:42:00+00:00,46.98,46.985,46.975,46.98,630
2017-06-15T02:43:00+00:00,46.985,46.99,46.98,46.98,756
2017-06-15T02:44:00+00:00,46.98,46.985,46.975,46.975,504
2017-06-15T02:45:00+00:00,46.98,46.99,46.98,46.99,252
2017-06-15T02:48:00+00:00,46.985,46.99,46.975,46.975,1260
2017-06-15T02:50:00+00:00,46.98,46.985,46.975,46.98,1638
2017-06-15T02:51:00+00:00,46.975,46.98,46.975,46.98,252
2017-06-15T02:52:00+00:00,46.975,46.98,46.975,46.98,504
2017-06-15T02:53:00+00:00,46.985,47,46.985,46.995,882
2017-06-15T02:54:00+00:00,46.99,47,46.99,46.99,756
2017-06-15T02:55:00+00:00,46.995,47,46.99,47,1008
2017-06-15T02:56:00+00:00,47.01,47.015,47.01,47.01,630
2017-06-15T02:57:00+00:00,47.015,47.015,47.005,47.005,630
2017-06-15T02:58:00+00:00,47,47.005,47,47.005,252
2017-06-15T02:59:00+00:00,47,47.01,47,47.005,504
2017-06-15T03:00:00+00:00,47,47,47,47,126
2017-06-15T03:01:00+00:00,47.005,47.02,47.005,47.02,630
2017-06-15T03:02:00+00:00,47.025,47.025,47.015,47.015,630
2017-06-15T03:03:00+00:00,47.02,47.02,47.01,47.015,1008
2017-06-15T03:04:00+00:00,47.01,47.01,47,47.005,756
2017-06-15T03:06:00+00:00,47.01,47.015,47.01,47.015,504
2017-06-15T03:07:00+00:00,47.01,47.025,47.01,47.025,504
2017-06-15T03:08:00+00:00,47.03,47.03,47.025,47.025,252
2017-06-15T03:09:00+00:00,46.995,47.025,46.995,47.025,1879
2017-06-15T03:10:00+00:00,47.02,47.04,47.02,47.035,1638
2017-06-15T03:11:00+00:00,47.04,47.045,47.035,47.035,756
2017-06-15T03:12:00+00:00,47.03,47.035,47.02,47.02,882
2017-06-15T03:13:00+00:00,47.025,47.025,47.01,47.015,630
2017-06-15T03:14:00+00:00,47.02,47.02,47.015,47.015,252
2017-06-15T03:15:00+00:00,47.01,47.02,47.01,47.015,882
2017-06-15T03:16:00+00:00,47.02,47.02,47.015,47.015,504
2017-06-15T03:17:00+00:00,47.02,47.025,47.015,47.02,756
2017-06-15T03:18:00+00:00,47.02,47.025,47.02,47.025,1260
2017-06-15T03:19:00+00:00,47.02,47.025,47.02,47.025,1008
2017-06-15T03:20:00+00:00,47.03,47.035,47.025,47.025,882
2017-06-15T03:21:00+00:00,47.02,47.025,47.02,47.025,252
2017-06-15T03:27:00+00:00,47.02,47.025,47.02,47.025,252
2017-06-15T03:28:00+00:00,47.03,47.03,47.025,47.025,252
2017-06-15T03:29:00+00:00,47.02,47.02,47.015,47.015,504
2017-06-15T03:30:00+00:00,47.01,47.015,47.01,47.015,1008
2017-06-15T03:31:00+00:00,47.01,47.015,47.01,47.015,756
2017-06-15T03:32:00+00:00,47.02,47.035,47.02,47.035,504
2017-06-15T03:33:00+00:00,47.03,47.035,47.03,47.035,252
2017-06-15T03:34:00+00:00,47.03,47.03,47.025,47.025,252
2017-06-15T03:35:00+00:00,47.03,47.035,47.025,47.025,756
2017-06-15T03:36:00+00:00,47.03,47.035,47.025,47.025,504
2017-06-15T03:37:00+00:00,47.02,47.025,47.015,47.015,756
2017-06-15T03:38:00+00:00,47.02,47.02,47.015,47.015,504
2017-06-15T03:39:00+00:00,47.02,47.02,47.015,47.015,756
2017-06-15T03:41:00+00:00,47.02,47.02,47.015,47.015,252
2017-06-15T03:42:00+00:00,47.01,47.015,47.005,47.005,756
2017-06-15T03:43:00+00:00,47.01,47.01,47.01,47.01,126
2017-06-15T03:47:00+00:00,46.995,46.995,46.995,46.995,746
2017-06-15T03:48:00+00:00,47.015,47.015,47,47.005,630
2017-06-15T03:49:00+00:00,47.01,47.01,47.005,47.005,504
2017-06-15T03:50:00+00:00,47.01,47.01,47.005,47.005,252
2017-06-15T03:51:00+00:00,47,47.01,47,47.005,504
2017-06-15T03:53:00+00:00,47.01,47.01,47.005,47.01,378
2017-06-15T03:54:00+00:00,47.005,47.005,47,47,504
2017-06-15T03:55:00+00:00,47.005,47.005,47,47,252
2017-06-15T03:57:00+00:00,46.995,46.995,46.995,46.995,126
2017-06-15T03:58:00+00:00,47,47,46.995,46.995,504
2017-06-15T04:00:00+00:00,47,47.005,47,47,504
2017-06-15T04:01:00+00:00,47.005,47.005,47,47,252
2017-06-15T04:02:00+00:00,47.005,47.005,47,47.005,756
2017-06-15T04:03:00+00:00,47,47.005,46.995,46.995,756
2017-06-15T04:04:00+00:00,47,47.005,46.985,46.985,756
2017-06-15T04:05:00+00:00,46.99,46.99,46.985,46.985,252
2017-06-15T04:06:00+00:00,46.99,46.995,46.985,46.995,882
2017-06-15T04:07:00+00:00,46.99,46.99,46.985,46.99,630
2017-06-15T04:08:00+00:00,46.995,46.995,46.99,46.99,252
2017-06-15T04:11:00+00:00,46.975,47,46.975,46.995,999
2017-06-15T04:12:00+00:00,46.99,46.99,46.99,46.99,126
2017-06-15T04:13:00+00:00,46.995,46.995,46.995,46.995,126
2017-06-15T04:16:00+00:00,46.99,46.995,46.99,46.995,756
2017-06-15T04:17:00+00:00,46.99,46.995,46.99,46.995,504
2017-06-15T04:21:00+00:00,47,47,46.995,46.995,252
2017-06-15T04:22:00+00:00,46.99,46.995,46.99,46.995,252
2017-06-15T04:23:00+00:00,46.975,46.975,46.975,46.975,747
2017-06-15T04:24:00+00:00,47,47,46.995,47,378
2017-06-15T04:25:00+00:00,47.005,47.005,47,47,252
2017-06-15T04:26:00+00:00,47.005,47.005,47,47,252
2017-06-15T04:27:00+00:00,47.005,47.005,47,47,504
2017-06-15T04:28:00+00:00,47.005,47.005,46.995,46.995,630
2017-06-15T04:29:00+00:00,47,47,46.995,46.995,252
2017-06-15T04:30:00+00:00,47.005,47.015,47.005,47.01,1008
2017-06-15T04:31:00+00:00,47.015,47.015,47.015,47.015,126
2017-06-15T04:36:00+00:00,47.005,47.025,47.005,47.025,873
2017-06-15T04:37:00+00:00,47.02,47.025,47.02,47.025,252
2017-06-15T04:38:00+00:00,47.03,47.03,47.025,47.025,756
2017-06-15T04:39:00+00:00,47.035,47.035,47.025,47.03,630
2017-06-15T04:40:00+00:00,47.035,47.035,47.03,47.03,252
2017-06-15T04:42:00+00:00,47.035,47.035,47.025,47.025,630
2017-06-15T04:43:00+00:00,47.02,47.025,47.015,47.015,1008
2017-06-15T04:44:00+00:00,47.02,47.02,47.015,47.015,252
2017-06-15T04:49:00+00:00,47.005,47.005,46.995,46.995,378
2017-06-15T04:50:00+00:00,47,47.005,46.995,46.995,2142
2017-06-15T04:51:00+00:00,47,47,46.995,46.995,252
2017-06-15T04:54:00+00:00,47,47.005,47,47.005,252
2017-06-15T05:00:00+00:00,47.01,47.015,47.005,47.005,1260
2017-06-15T05:01:00+00:00,47.01,47.015,47.005,47.005,504
2017-06-15T05:02:00+00:00,47.01,47.02,47.01,47.015,882
2017-06-15T05:03:00+00:00,47.02,47.025,47.01,47.02,3024
2017-06-15T05:04:00+00:00,47.015,47.015,47.015,47.015,126
2017-06-15T05:08:00+00:00,46.985,47.015,46.985,47.015,2511
2017-06-15T05:09:00+00:00,47.02,47.025,47.02,47.025,252
2017-06-15T05:10:00+00:00,47.02,47.025,47.02,47.02,378
2017-06-15T05:11:00+00:00,47.015,47.015,47.015,47.015,126
2017-06-15T05:12:00+00:00,47.02,47.025,47.015,47.015,756
2017-06-15T05:13:00+00:00,47.02,47.02,47.015,47.02,630
2017-06-15T05:16:00+00:00,47.015,47.025,47.015,47.02,504
2017-06-15T05:17:00+00:00,47.015,47.025,47.015,47.02,630
2017-06-15T05:19:00+00:00,47.015,47.02,47.015,47.02,252
2017-06-15T05:20:00+00:00,47.025,47.025,47.015,47.015,378
2017-06-15T05:21:00+00:00,46.985,47.015,46.985,47.01,999
2017-06-15T05:22:00+00:00,47.015,47.015,47.015,47.015,126
2017-06-15T05:23:00+00:00,47.005,47.025,47.005,47.025,1251
2017-06-15T05:24:00+00:00,47.02,47.025,47.02,47.025,3528
2017-06-15T05:25:00+00:00,47.02,47.025,47.02,47.025,2268
2017-06-15T05:26:00+00:00,47.02,47.02,47.015,47.015,252
2017-06-15T05:30:00+00:00,47.02,47.025,47.02,47.025,378
2017-06-15T05:31:00+00:00,47.02,47.025,47.02,47.025,252
2017-06-15T05:32:00+00:00,47.02,47.02,47.015,47.015,252
2017-06-15T05:33:00+00:00,47.02,47.025,47.015,47.015,630
2017-06-15T05:35:00+00:00,47.02,47.025,47.015,47.015,756
2017-06-15T05:38:00+00:00,47.02,47.025,47.015,47.025,1008
2017-06-15T05:40:00+00:00,47.015,47.015,47.015,47.015,126
2017-06-15T05:41:00+00:00,47.01,47.015,47.005,47.01,756
2017-06-15T05:42:00+00:00,47.015,47.02,47.005,47.01,1512
2017-06-15T05:43:00+00:00,47.005,47.01,47.005,47.005,882
2017-06-15T05:44:00+00:00,47,47.02,46.995,47.015,2646
2017-06-15T05:45:00+00:00,47.01,47.015,47.005,47.005,882
2017-06-15T05:46:00+00:00,47.01,47.015,47.01,47.01,756
2017-06-15T05:47:00+00:00,47.015,47.015,47.01,47.01,504
2017-06-15T05:48:00+00:00,47.015,47.025,47.01,47.015,1386
2017-06-15T05:49:00+00:00,47.02,47.025,47.015,47.02,1512
2017-06-15T05:50:00+00:00,47.015,47.035,47.015,47.035,1260
2017-06-15T05:51:00+00:00,47.04,47.04,47.035,47.035,252
2017-06-15T05:52:00+00:00,47.03,47.045,47.02,47.02,1890
2017-06-15T05:53:00+00:00,47.025,47.035,47.025,47.025,882
2017-06-15T05:54:00+00:00,47.03,47.03,47.03,47.03,252
2017-06-15T05:55:00+00:00,47.025,47.025,47.025,47.025,126
2017-06-15T05:56:00+00:00,47.03,47.035,47.03,47.035,252
2017-06-15T05:57:00+00:00,47.04,47.045,47.04,47.045,630
2017-06-15T05:58:00+00:00,47.04,47.045,47.04,47.04,630
2017-06-15T05:59:00+00:00,47.045,47.045,47.045,47.045,126
2017-06-15T06:00:00+00:00,47.04,47.045,47.015,47.035,1386
2017-06-15T06:01:00+00:00,47.03,47.03,47.015,47.03,1890
2017-06-15T06:02:00+00:00,47.035,47.045,47.035,47.045,630
2017-06-15T06:03:00+00:00,47.05,47.105,47.05,47.1,4284
2017-06-15T06:04:00+00:00,47.105,47.11,47.055,47.06,3276
2017-06-15T06:05:00+00:00,47.055,47.075,47.055,47.075,1008
2017-06-15T06:06:00+00:00,47.045,47.07,47.045,47.055,1629
2017-06-15T06:08:00+00:00,47.045,47.065,47.045,47.06,1126
2017-06-15T06:09:00+00:00,47.03,47.035,47.015,47.015,2268
2017-06-15T06:10:00+00:00,47.02,47.025,47.015,47.02,1638
2017-06-15T06:11:00+00:00,47.015,47.025,47.005,47.005,630
2017-06-15T06:12:00+00:00,47,47,46.97,46.975,2142
2017-06-15T06:13:00+00:00,46.98,46.99,46.98,46.99,630
2017-06-15T06:14:00+00:00,46.995,46.995,46.985,46.985,1134
2017-06-15T06:15:00+00:00,46.98,46.98,46.965,46.97,2898
2017-06-15T06:16:00+00:00,46.98,46.995,46.98,46.985,882
2017-06-15T06:17:00+00:00,46.98,47.02,46.98,47.005,2268
2017-06-15T06:18:00+00:00,47.01,47.025,47.01,47.025,378
2017-06-15T06:19:00+00:00,47.03,47.035,47.015,47.015,630
2017-06-15T06:20:00+00:00,47.02,47.04,47.02,47.04,630
2017-06-15T06:21:00+00:00,47.035,47.035,46.995,47.035,1260
2017-06-15T06:22:00+00:00,47.04,47.045,47.035,47.04,1008
2017-06-15T06:23:00+00:00,47.035,47.035,47.03,47.035,882
2017-06-15T06:24:00+00:00,47.04,47.04,47.01,47.015,756
2017-06-15T06:25:00+00:00,47.02,47.025,47.015,47.015,504
2017-06-15T06:26:00+00:00,47.01,47.035,47,47.035,1134
2017-06-15T06:27:00+00:00,47.03,47.03,47.03,47.03,126
2017-06-15T06:28:00+00:00,47.035,47.035,47.035,47.035,126
2017-06-15T06:29:00+00:00,47.025,47.045,47.025,47.035,1126
2017-06-15T06:30:00+00:00,47.03,47.03,46.995,47,1134
2017-06-15T06:31:00+00:00,47.005,47.005,46.985,46.985,630
2017-06-15T06:32:00+00:00,46.98,46.985,46.965,46.98,1764
2017-06-15T06:33:00+00:00,46.975,46.99,46.965,46.99,1512
2017-06-15T06:34:00+00:00,46.995,47,46.995,47,1008
2017-06-15T06:35:00+00:00,46.995,47.005,46.995,47.005,378
2017-06-15T06:36:00+00:00,46.985,46.985,46.985,46.985,748
2017-06-15T06:37:00+00:00,46.975,47,46.975,46.975,1504
2017-06-15T06:38:00+00:00,46.965,46.98,46.965,46.965,2016
2017-06-15T06:39:00+00:00,46.96,46.96,46.93,46.93,2268
2017-06-15T06:40:00+00:00,46.935,46.94,46.925,46.93,3276
2017-06-15T06:41:00+00:00,46.92,46.935,46.89,46.91,4662
2017-06-15T06:42:00+00:00,46.905,46.905,46.87,46.905,2184
2017-06-15T06:43:00+00:00,46.885,46.91,46.875,46.88,4147
2017-06-15T06:44:00+00:00,46.885,46.915,46.885,46.9,1890
2017-06-15T06:45:00+00:00,46.875,46.925,46.875,46.915,2898
2017-06-15T06:46:00+00:00,46.92,46.92,46.9,46.915,1764
2017-06-15T06:47:00+00:00,46.92,46.92,46.915,46.915,252
2017-06-15T06:48:00+00:00,46.91,46.91,46.865,46.9,1638
2017-06-15T06:49:00+00:00,46.905,46.915,46.905,46.91,1512
2017-06-15T06:50:00+00:00,46.915,46.915,46.905,46.91,630
2017-06-15T06:51:00+00:00,46.915,46.915,46.91,46.91,504
2017-06-15T06:52:00+00:00,46.915,46.935,46.91,46.935,756
2017-06-15T06:53:00+00:00,46.94,46.96,46.94,46.95,1008
2017-06-15T06:54:00+00:00,46.955,46.98,46.955,46.975,2520
2017-06-15T06:55:00+00:00,46.97,46.975,46.945,46.965,1764
2017-06-15T06:56:00+00:00,46.97,46.98,46.945,46.975,1890
2017-06-15T06:57:00+00:00,46.97,46.975,46.955,46.955,882
2017-06-15T06:58:00+00:00,46.96,46.96,46.955,46.955,756
2017-06-15T06:59:00+00:00,46.96,46.965,46.945,46.965,1260
2017-06-15T07:00:00+00:00,46.945,47.005,46.945,46.98,7182
2017-06-15T07:01:00+00:00,46.955,46.985,46.955,46.98,1134
2017-06-15T07:02:00+00:00,46.985,46.985,46.935,46.975,3654
2017-06-15T07:03:00+00:00,46.97,46.985,46.955,46.985,3276
2017-06-15T07:04:00+00:00,46.99,46.99,46.955,46.965,2646
2017-06-15T07:05:00+00:00,46.965,46.98,46.955,46.98,3024
2017-06-15T07:06:00+00:00,46.97,46.985,46.945,46.975,4536
2017-06-15T07:07:00+00:00,46.98,47.005,46.92,46.92,4788
2017-06-15T07:08:00+00:00,46.93,46.93,46.825,46.84,7056
2017-06-15T07:09:00+00:00,46.825,46.885,46.825,46.885,4914
2017-06-15T07:10:00+00:00,46.89,46.905,46.87,46.875,4284
2017-06-15T07:11:00+00:00,46.87,46.885,46.815,46.885,7938
2017-06-15T07:12:00+00:00,46.88,46.885,46.845,46.885,2520
2017-06-15T07:13:00+00:00,46.865,46.885,46.845,46.875,3276
2017-06-15T07:14:00+00:00,46.855,46.875,46.835,46.865,4662
2017-06-15T07:15:00+00:00,46.86,46.885,46.855,46.875,3654
2017-06-15T07:16:00+00:00,46.885,46.89,46.87,46.875,2016
2017-06-15T07:17:00+00:00,46.87,46.89,46.845,46.89,2898
2017-06-15T07:18:00+00:00,46.89,46.89,46.865,46.875,1134
2017-06-15T07:19:00+00:00,46.88,46.895,46.87,46.89,4032
2017-06-15T07:20:00+00:00,46.885,46.89,46.855,46.88,4158
2017-06-15T07:21:00+00:00,46.88,46.915,46.865,46.915,2772
2017-06-15T07:22:00+00:00,46.91,46.91,46.89,46.9,882
2017-06-15T07:23:00+00:00,46.9,46.905,46.855,46.895,3150
2017-06-15T07:24:00+00:00,46.9,46.92,46.885,46.915,2016
2017-06-15T07:25:00+00:00,46.895,46.92,46.875,46.875,2646
2017-06-15T07:26:00+00:00,46.895,46.945,46.875,46.94,7434
2017-06-15T07:27:00+00:00,46.945,46.945,46.895,46.915,3654
2017-06-15T07:28:00+00:00,46.895,46.925,46.895,46.915,1386
2017-06-15T07:29:00+00:00,46.91,46.915,46.875,46.905,3780
2017-06-15T07:30:00+00:00,46.91,46.91,46.865,46.905,4284
2017-06-15T07:31:00+00:00,46.9,46.9,46.865,46.89,3528
2017-06-15T07:32:00+00:00,46.89,46.895,46.855,46.895,2016
2017-06-15T07:33:00+00:00,46.875,46.905,46.875,46.885,3150
2017-06-15T07:34:00+00:00,46.865,46.935,46.855,46.925,5418
2017-06-15T07:35:00+00:00,46.905,46.925,46.895,46.9,3402
2017-06-15T07:36:00+00:00,46.885,46.925,46.885,46.91,3780
2017-06-15T07:37:00+00:00,46.905,46.91,46.88,46.88,4662
2017-06-15T07:38:00+00:00,46.875,46.875,46.815,46.845,7056
2017-06-15T07:39:00+00:00,46.825,46.865,46.815,46.865,5166
2017-06-15T07:40:00+00:00,46.845,46.865,46.765,46.79,7182
2017-06-15T07:41:00+00:00,46.8,46.815,46.775,46.78,6678
2017-06-15T07:42:00+00:00,46.78,46.805,46.745,46.8,4284
2017-06-15T07:43:00+00:00,46.805,46.815,46.785,46.795,3906
2017-06-15T07:44:00+00:00,46.8,46.8,46.735,46.76,6048
2017-06-15T07:45:00+00:00,46.76,46.79,46.76,46.775,4536
2017-06-15T07:46:00+00:00,46.78,46.805,46.775,46.805,2646
2017-06-15T07:47:00+00:00,46.81,46.825,46.805,46.815,2520
2017-06-15T07:48:00+00:00,46.82,46.825,46.775,46.78,3780
2017-06-15T07:49:00+00:00,46.78,46.79,46.755,46.76,6552
2017-06-15T07:50:00+00:00,46.755,46.755,46.71,46.73,9702
2017-06-15T07:51:00+00:00,46.705,46.73,46.685,46.725,17856
2017-06-15T07:52:00+00:00,46.72,46.75,46.715,46.735,20611
2017-06-15T07:53:00+00:00,46.74,46.745,46.715,46.735,14612
2017-06-15T07:54:00+00:00,46.73,46.74,46.72,46.735,5260
2017-06-15T07:55:00+00:00,46.74,46.765,46.735,46.76,3906
2017-06-15T07:56:00+00:00,46.76,46.775,46.755,46.765,2268
2017-06-15T07:57:00+00:00,46.77,46.785,46.77,46.775,3276
2017-06-15T07:58:00+00:00,46.765,46.79,46.765,46.78,2268
2017-06-15T07:59:00+00:00,46.78,46.805,46.78,46.805,6174
2017-06-15T08:00:00+00:00,46.785,46.855,46.785,46.815,8568
2017-06-15T08:01:00+00:00,46.81,46.81,46.77,46.77,4032
2017-06-15T08:02:00+00:00,46.76,46.8,46.76,46.8,4032
2017-06-15T08:03:00+00:00,46.795,46.835,46.795,46.825,2646
2017-06-15T08:04:00+00:00,46.83,46.855,46.83,46.85,3402
2017-06-15T08:05:00+00:00,46.855,46.87,46.855,46.86,4410
2017-06-15T08:06:00+00:00,46.86,46.865,46.815,46.835,4158
2017-06-15T08:07:00+00:00,46.84,46.86,46.815,46.86,4914
2017-06-15T08:08:00+00:00,46.855,46.865,46.825,46.855,2016
2017-06-15T08:09:00+00:00,46.86,46.865,46.81,46.825,4914
2017-06-15T08:10:00+00:00,46.82,46.87,46.815,46.86,4158
2017-06-15T08:11:00+00:00,46.86,46.885,46.86,46.87,4662
2017-06-15T08:12:00+00:00,46.87,46.89,46.85,46.89,5292
2017-06-15T08:13:00+00:00,46.89,46.91,46.885,46.905,4158
2017-06-15T08:14:00+00:00,46.9,46.905,46.885,46.905,2772
2017-06-15T08:15:00+00:00,46.905,46.96,46.875,46.955,7056
2017-06-15T08:16:00+00:00,46.95,47,46.945,47,6174
2017-06-15T08:17:00+00:00,47.005,47.02,46.985,47.005,8694
2017-06-15T08:18:00+00:00,47.01,47.025,46.965,46.98,3780
2017-06-15T08:19:00+00:00,46.975,46.975,46.94,46.95,4158
2017-06-15T08:20:00+00:00,46.945,46.97,46.945,46.955,1512
2017-06-15T08:21:00+00:00,46.96,46.97,46.96,46.97,504
2017-06-15T08:22:00+00:00,46.955,46.965,46.955,46.965,1386
2017-06-15T08:23:00+00:00,46.96,46.985,46.955,46.98,2394
2017-06-15T08:24:00+00:00,46.985,47.015,46.985,46.995,2898
2017-06-15T08:25:00+00:00,46.99,46.99,46.955,46.99,4410
2017-06-15T08:26:00+00:00,46.99,47.005,46.945,46.995,9702
2017-06-15T08:27:00+00:00,46.99,47.015,46.985,47.015,7308
2017-06-15T08:28:00+00:00,47.02,47.025,46.96,46.96,5292
2017-06-15T08:29:00+00:00,46.95,46.985,46.945,46.975,8568
2017-06-15T08:30:00+00:00,46.97,47.07,46.965,47.065,6930
2017-06-15T08:31:00+00:00,47.06,47.17,47.05,47.15,12222
2017-06-15T08:32:00+00:00,47.145,47.165,47.11,47.16,6048
2017-06-15T08:33:00+00:00,47.16,47.17,47.125,47.14,6048
2017-06-15T08:34:00+00:00,47.135,47.165,47.135,47.165,4410
2017-06-15T08:35:00+00:00,47.16,47.16,47.09,47.105,3528
2017-06-15T08:36:00+00:00,47.1,47.12,47.095,47.1,2898
2017-06-15T08:37:00+00:00,47.095,47.14,47.095,47.14,5544
2017-06-15T08:38:00+00:00,47.14,47.15,47.095,47.12,3150
2017-06-15T08:39:00+00:00,47.115,47.125,47.095,47.095,2646
2017-06-15T08:40:00+00:00,47.095,47.125,47.075,47.115,3276
2017-06-15T08:41:00+00:00,47.12,47.125,47.085,47.11,16044
2017-06-15T08:42:00+00:00,47.115,47.145,47.115,47.135,9516
2017-06-15T08:43:00+00:00,47.125,47.125,47.08,47.085,9768
2017-06-15T08:44:00+00:00,47.09,47.095,47.065,47.065,15537
2017-06-15T08:45:00+00:00,47.065,47.08,47.045,47.055,16765
2017-06-15T08:46:00+00:00,47.06,47.06,47.035,47.045,16009
2017-06-15T08:47:00+00:00,47.05,47.05,47.005,47.045,29267
2017-06-15T08:48:00+00:00,47.035,47.035,47.02,47.025,16758
2017-06-15T08:49:00+00:00,47.025,47.04,47.005,47.02,13510
2017-06-15T08:50:00+00:00,47.025,47.025,46.965,46.995,25641
2017-06-15T08:51:00+00:00,47,47.025,46.975,47.02,21133
2017-06-15T08:52:00+00:00,47.015,47.025,46.995,47.025,14882
2017-06-15T08:53:00+00:00,47.02,47.03,47.005,47.025,6503
2017-06-15T08:54:00+00:00,47.005,47.065,47.005,47.055,18634
2017-06-15T08:55:00+00:00,47.05,47.055,47.015,47.04,15757
2017-06-15T08:56:00+00:00,47.04,47.04,47.005,47.025,15008
2017-06-15T08:57:00+00:00,47.035,47.035,47.02,47.035,6755
2017-06-15T08:58:00+00:00,47.03,47.045,46.995,47.015,15757
2017-06-15T08:59:00+00:00,47.005,47.015,46.995,47.01,6755
2017-06-15T09:00:00+00:00,47.01,47.015,46.985,47.005,14007
2017-06-15T09:01:00+00:00,47.01,47.05,46.985,47.05,14259
2017-06-15T09:02:00+00:00,47.05,47.075,47.025,47.065,14504
2017-06-15T09:03:00+00:00,47.06,47.065,47.035,47.06,8631
2017-06-15T09:04:00+00:00,47.065,47.09,47.065,47.075,4382
2017-06-15T09:05:00+00:00,47.07,47.075,47.045,47.065,6377
2017-06-15T09:06:00+00:00,47.07,47.1,47.07,47.1,8141
2017-06-15T09:07:00+00:00,47.1,47.13,47.085,47.105,19894
2017-06-15T09:08:00+00:00,47.095,47.105,47.095,47.105,3752
2017-06-15T09:09:00+00:00,47.1,47.125,47.095,47.12,8757
2017-06-15T09:10:00+00:00,47.13,47.135,47.115,47.12,4760
2017-06-15T09:11:00+00:00,47.12,47.13,47.095,47.105,8505
2017-06-15T09:12:00+00:00,47.105,47.125,47.075,47.095,15270
2017-06-15T09:13:00+00:00,47.1,47.11,47.09,47.105,9144
2017-06-15T09:14:00+00:00,47.1,47.1,47.085,47.09,1632
2017-06-15T09:15:00+00:00,47.09,47.09,47.08,47.08,2514
2017-06-15T09:16:00+00:00,47.075,47.075,47.045,47.065,13770
2017-06-15T09:17:00+00:00,47.07,47.105,47.07,47.085,4266
2017-06-15T09:18:00+00:00,47.08,47.095,47.075,47.09,7764
2017-06-15T09:19:00+00:00,47.095,47.105,47.09,47.095,13392
2017-06-15T09:20:00+00:00,47.09,47.1,47.09,47.095,11142
2017-06-15T09:21:00+00:00,47.095,47.095,47.035,47.055,13026
2017-06-15T09:22:00+00:00,47.05,47.055,47.03,47.03,6636
2017-06-15T09:23:00+00:00,47.025,47.045,47.025,47.025,15528
2017-06-15T09:24:00+00:00,47.02,47.035,47.01,47.03,12144
2017-06-15T09:25:00+00:00,47.03,47.045,47.015,47.02,17154
2017-06-15T09:26:00+00:00,47.025,47.045,46.99,47.005,24288
2017-06-15T09:27:00+00:00,47,47.01,46.995,46.995,8016
2017-06-15T09:28:00+00:00,46.985,47.015,46.985,47,29424
2017-06-15T09:29:00+00:00,47,47.025,46.995,47.005,13146
2017-06-15T09:30:00+00:00,47.01,47.015,47.005,47.005,2256
2017-06-15T09:31:00+00:00,47.01,47.015,46.995,47,17652
2017-06-15T09:32:00+00:00,47.005,47.01,46.995,47.005,5634
2017-06-15T09:33:00+00:00,47,47.035,46.995,47.03,23544
2017-06-15T09:34:00+00:00,47.02,47.045,47.02,47.025,10392
2017-06-15T09:35:00+00:00,47.025,47.03,46.975,46.99,10644
2017-06-15T09:36:00+00:00,46.99,46.995,46.915,46.925,19284
2017-06-15T09:37:00+00:00,46.93,46.95,46.91,46.92,20040
2017-06-15T09:38:00+00:00,46.92,46.925,46.905,46.91,19410
2017-06-15T09:39:00+00:00,46.91,46.925,46.895,46.925,17154
2017-06-15T09:40:00+00:00,46.92,46.925,46.89,46.895,20784
2017-06-15T09:41:00+00:00,46.9,46.925,46.9,46.92,11646
2017-06-15T09:42:00+00:00,46.92,46.94,46.92,46.94,7764
2017-06-15T09:43:00+00:00,46.935,46.945,46.915,46.925,5010
2017-06-15T09:44:00+00:00,46.925,46.925,46.905,46.915,3006
2017-06-15T09:45:00+00:00,46.91,46.915,46.905,46.915,12270
2017-06-15T09:46:00+00:00,46.905,46.915,46.875,46.885,14646
2017-06-15T09:47:00+00:00,46.895,46.925,46.885,46.915,11394
2017-06-15T09:48:00+00:00,46.92,46.945,46.92,46.945,7140
2017-06-15T09:49:00+00:00,46.94,46.955,46.925,46.94,14784
2017-06-15T09:50:00+00:00,46.93,46.96,46.93,46.955,11154
2017-06-15T09:51:00+00:00,46.935,46.96,46.935,46.955,11142
2017-06-15T09:52:00+00:00,46.95,46.955,46.95,46.955,3504
2017-06-15T09:53:00+00:00,46.955,46.955,46.935,46.945,5142
2017-06-15T09:54:00+00:00,46.94,46.94,46.91,46.925,9018
2017-06-15T09:55:00+00:00,46.93,46.935,46.915,46.915,6888
2017-06-15T09:56:00+00:00,46.915,46.935,46.915,46.915,5760
2017-06-15T09:57:00+00:00,46.91,46.91,46.855,46.88,18408
2017-06-15T09:58:00+00:00,46.875,46.935,46.875,46.905,20910
2017-06-15T09:59:00+00:00,46.9,46.935,46.9,46.92,16278
2017-06-15T10:00:00+00:00,46.92,46.935,46.91,46.935,10518
2017-06-15T10:01:00+00:00,46.93,46.95,46.91,46.94,14406
2017-06-15T10:02:00+00:00,46.935,46.985,46.925,46.98,18156
2017-06-15T10:03:00+00:00,46.98,47.025,46.975,47.015,19662
2017-06-15T10:04:00+00:00,47.025,47.065,47.02,47.045,43944
2017-06-15T10:05:00+00:00,47.04,47.045,47.015,47.02,13398
2017-06-15T10:06:00+00:00,47.015,47.02,47.005,47.005,13146
2017-06-15T10:07:00+00:00,47,47.005,46.99,46.99,10644
2017-06-15T10:08:00+00:00,46.985,46.995,46.985,46.995,9018
2017-06-15T10:09:00+00:00,46.99,46.995,46.98,46.995,5382
2017-06-15T10:10:00+00:00,46.99,47.005,46.985,47,7512
2017-06-15T10:11:00+00:00,47.005,47.005,46.975,46.995,2634
2017-06-15T10:12:00+00:00,46.99,46.99,46.92,46.93,16032
2017-06-15T10:13:00+00:00,46.94,46.945,46.875,46.94,24174
2017-06-15T10:14:00+00:00,46.935,46.955,46.93,46.935,14526
2017-06-15T10:15:00+00:00,46.945,46.975,46.925,46.975,10272
2017-06-15T10:16:00+00:00,46.97,47.005,46.97,47.005,8016
2017-06-15T10:17:00+00:00,47.01,47.03,46.995,46.995,7764
2017-06-15T10:18:00+00:00,46.985,47.015,46.985,47.015,10140
2017-06-15T10:19:00+00:00,47.02,47.045,47.015,47.04,15150
2017-06-15T10:20:00+00:00,47.035,47.035,47.015,47.02,14274
2017-06-15T10:21:00+00:00,47.015,47.015,46.985,47.015,9264
2017-06-15T10:22:00+00:00,47.02,47.03,47.005,47.005,5010
2017-06-15T10:23:00+00:00,47.03,47.035,47.015,47.03,10392
2017-06-15T10:24:00+00:00,47.03,47.035,47.005,47.02,9012
2017-06-15T10:25:00+00:00,47.02,47.02,46.98,46.98,8514
2017-06-15T10:26:00+00:00,46.98,47.005,46.975,47,11274
2017-06-15T10:27:00+00:00,46.995,47.045,46.995,47.04,20658
2017-06-15T10:28:00+00:00,47.045,47.075,47.04,47.07,22788
2017-06-15T10:29:00+00:00,47.07,47.075,47.045,47.065,25662
2017-06-15T10:30:00+00:00,47.06,47.065,47.06,47.065,7260
2017-06-15T10:31:00+00:00,47.07,47.07,47.035,47.045,6012
2017-06-15T10:32:00+00:00,47.05,47.055,47.035,47.055,8262
2017-06-15T10:33:00+00:00,47.035,47.055,47.02,47.04,23040
2017-06-15T10:34:00+00:00,47.035,47.065,47.035,47.06,14904
2017-06-15T10:35:00+00:00,47.055,47.065,47.055,47.065,5760
2017-06-15T10:36:00+00:00,47.06,47.1,47.06,47.095,12408
2017-06-15T10:37:00+00:00,47.085,47.095,47.085,47.095,4758
2017-06-15T10:38:00+00:00,47.09,47.11,47.07,47.08,18534
2017-06-15T10:39:00+00:00,47.085,47.085,47.03,47.045,13398
2017-06-15T10:40:00+00:00,47.05,47.055,47.025,47.035,20406
2017-06-15T10:41:00+00:00,47.025,47.025,47.005,47.02,8886
2017-06-15T10:42:00+00:00,47.015,47.025,46.995,47.02,8136
2017-06-15T10:43:00+00:00,47.03,47.04,47.025,47.035,12270
2017-06-15T10:44:00+00:00,47.03,47.035,46.99,47.005,16284
2017-06-15T10:45:00+00:00,47,47,46.905,46.935,35688
2017-06-15T10:46:00+00:00,46.94,46.985,46.94,46.965,30804
2017-06-15T10:47:00+00:00,46.965,46.975,46.955,46.965,8010
2017-06-15T10:48:00+00:00,46.945,46.975,46.945,46.975,41820
2017-06-15T10:49:00+00:00,46.97,46.975,46.96,46.975,8514
2017-06-15T10:50:00+00:00,46.97,46.98,46.97,46.97,6138
2017-06-15T10:51:00+00:00,46.945,46.965,46.875,46.895,26292
2017-06-15T10:52:00+00:00,46.9,46.925,46.875,46.925,20658
2017-06-15T10:53:00+00:00,46.92,46.925,46.91,46.915,11898
2017-06-15T10:54:00+00:00,46.92,46.92,46.89,46.89,18156
2017-06-15T10:55:00+00:00,46.88,46.905,46.875,46.89,19032
2017-06-15T10:56:00+00:00,46.89,46.915,46.875,46.88,18534
2017-06-15T10:57:00+00:00,46.875,46.9,46.875,46.9,9012
2017-06-15T10:58:00+00:00,46.905,46.915,46.895,46.905,13272
2017-06-15T10:59:00+00:00,46.9,46.915,46.89,46.91,14526
2017-06-15T11:00:00+00:00,46.905,46.95,46.895,46.94,14028
2017-06-15T11:01:00+00:00,46.935,46.945,46.9,46.905,13902
2017-06-15T11:02:00+00:00,46.9,46.905,46.875,46.88,9390
2017-06-15T11:03:00+00:00,46.88,46.885,46.845,46.86,34182
2017-06-15T11:04:00+00:00,46.86,46.89,46.86,46.89,10764
2017-06-15T11:05:00+00:00,46.895,46.905,46.87,46.88,12648
2017-06-15T11:06:00+00:00,46.885,46.9,46.88,46.895,10266
2017-06-15T11:07:00+00:00,46.89,46.905,46.875,46.895,26166
2017-06-15T11:08:00+00:00,46.875,46.9,46.875,46.88,12270
2017-06-15T11:09:00+00:00,46.865,46.885,46.815,46.85,20166
2017-06-15T11:10:00+00:00,46.845,46.86,46.825,46.835,22170
2017-06-15T11:11:00+00:00,46.84,46.845,46.805,46.815,12156
2017-06-15T11:12:00+00:00,46.81,46.845,46.805,46.835,15540
2017-06-15T11:13:00+00:00,46.83,46.84,46.805,46.825,20670
2017-06-15T11:14:00+00:00,46.835,46.835,46.825,46.83,5394
2017-06-15T11:15:00+00:00,46.825,46.83,46.805,46.82,19914
2017-06-15T11:16:00+00:00,46.82,46.825,46.795,46.82,14898
2017-06-15T11:17:00+00:00,46.795,46.82,46.795,46.82,3384
2017-06-15T11:18:00+00:00,46.82,46.885,46.82,46.855,38946
2017-06-15T11:19:00+00:00,46.875,46.9,46.85,46.885,30684
2017-06-15T11:20:00+00:00,46.875,46.93,46.875,46.91,32682
2017-06-15T11:21:00+00:00,46.91,46.915,46.885,46.9,18282
2017-06-15T11:22:00+00:00,46.895,46.895,46.875,46.875,8640
2017-06-15T11:23:00+00:00,46.88,46.88,46.85,46.865,19662
2017-06-15T11:24:00+00:00,46.86,46.86,46.82,46.82,10902
2017-06-15T11:25:00+00:00,46.805,46.815,46.785,46.785,29796
2017-06-15T11:26:00+00:00,46.78,46.785,46.765,46.785,17904
2017-06-15T11:27:00+00:00,46.78,46.795,46.775,46.775,7890
2017-06-15T11:28:00+00:00,46.77,46.775,46.755,46.765,15276
2017-06-15T11:29:00+00:00,46.76,46.785,46.755,46.785,8640
2017-06-15T11:30:00+00:00,46.78,46.81,46.78,46.79,18288
2017-06-15T11:31:00+00:00,46.79,46.805,46.745,46.755,29424
2017-06-15T11:32:00+00:00,46.76,46.77,46.755,46.765,15276
2017-06-15T11:33:00+00:00,46.77,46.795,46.765,46.795,11268
2017-06-15T11:34:00+00:00,46.8,46.805,46.755,46.76,11520
2017-06-15T11:35:00+00:00,46.76,46.795,46.755,46.795,14274
2017-06-15T11:36:00+00:00,46.79,46.805,46.765,46.805,13020
2017-06-15T11:37:00+00:00,46.81,46.825,46.8,46.81,7644
2017-06-15T11:38:00+00:00,46.81,46.835,46.8,46.815,25794
2017-06-15T11:39:00+00:00,46.81,46.83,46.785,46.83,13650
2017-06-15T11:40:00+00:00,46.825,46.865,46.815,46.865,19044
2017-06-15T11:41:00+00:00,46.86,46.865,46.835,46.835,15402
2017-06-15T11:42:00+00:00,46.84,46.845,46.835,46.835,8280
2017-06-15T11:43:00+00:00,46.835,46.87,46.835,46.865,10392
2017-06-15T11:44:00+00:00,46.845,46.89,46.845,46.88,13152
2017-06-15T11:45:00+00:00,46.88,46.895,46.875,46.885,17904
2017-06-15T11:46:00+00:00,46.89,46.9,46.88,46.885,8766
2017-06-15T11:47:00+00:00,46.88,46.885,46.86,46.885,11268
2017-06-15T11:48:00+00:00,46.88,46.885,46.84,46.845,12396
2017-06-15T11:49:00+00:00,46.845,46.845,46.8,46.81,7518
2017-06-15T11:50:00+00:00,46.815,46.815,46.805,46.815,12018
2017-06-15T11:51:00+00:00,46.825,46.825,46.77,46.78,18156
2017-06-15T11:52:00+00:00,46.78,46.79,46.76,46.785,20532
2017-06-15T11:53:00+00:00,46.78,46.78,46.76,46.775,9270
2017-06-15T11:54:00+00:00,46.77,46.775,46.735,46.765,11772
2017-06-15T11:55:00+00:00,46.76,46.765,46.74,46.745,24414
2017-06-15T11:56:00+00:00,46.74,46.755,46.735,46.745,17406
2017-06-15T11:57:00+00:00,46.75,46.755,46.745,46.745,10392
2017-06-15T11:58:00+00:00,46.74,46.765,46.74,46.765,7764
2017-06-15T11:59:00+00:00,46.77,46.795,46.77,46.795,9018
2017-06-15T12:00:00+00:00,46.79,46.805,46.775,46.795,14148
2017-06-15T12:01:00+00:00,46.79,46.8,46.775,46.795,16650
2017-06-15T12:02:00+00:00,46.775,46.8,46.745,46.76,19656
2017-06-15T12:03:00+00:00,46.76,46.78,46.745,46.76,29802
2017-06-15T12:04:00+00:00,46.755,46.775,46.745,46.765,33558
2017-06-15T12:05:00+00:00,46.76,46.76,46.705,46.725,13428
2017-06-15T12:06:00+00:00,46.735,46.745,46.68,46.74,9324
2017-06-15T12:07:00+00:00,46.73,46.755,46.72,46.75,3150
2017-06-15T12:08:00+00:00,46.755,46.76,46.735,46.74,2772
2017-06-15T12:09:00+00:00,46.74,46.755,46.74,46.74,2520
2017-06-15T12:10:00+00:00,46.74,46.775,46.74,46.76,6174
2017-06-15T12:11:00+00:00,46.765,46.79,46.745,46.78,2394
2017-06-15T12:12:00+00:00,46.78,46.795,46.77,46.78,3402
2017-06-15T12:13:00+00:00,46.775,46.795,46.765,46.795,2638
2017-06-15T12:14:00+00:00,46.795,46.805,46.79,46.805,6930
2017-06-15T12:15:00+00:00,46.8,46.825,46.775,46.815,4158
2017-06-15T12:16:00+00:00,46.82,46.845,46.815,46.825,6300
2017-06-15T12:17:00+00:00,46.83,46.83,46.805,46.825,1386
2017-06-15T12:18:00+00:00,46.82,46.83,46.815,46.83,1764
2017-06-15T12:19:00+00:00,46.835,46.835,46.81,46.825,2268
2017-06-15T12:20:00+00:00,46.82,46.885,46.795,46.88,7308
2017-06-15T12:21:00+00:00,46.875,46.925,46.875,46.915,6048
2017-06-15T12:22:00+00:00,46.915,46.925,46.91,46.92,4158
2017-06-15T12:23:00+00:00,46.91,46.92,46.88,46.905,6300
2017-06-15T12:24:00+00:00,46.9,46.915,46.895,46.9,3402
2017-06-15T12:25:00+00:00,46.895,46.9,46.885,46.895,2268
2017-06-15T12:26:00+00:00,46.89,46.895,46.88,46.885,756
2017-06-15T12:27:00+00:00,46.89,46.92,46.89,46.905,3276
2017-06-15T12:28:00+00:00,46.91,46.915,46.89,46.895,2268
2017-06-15T12:29:00+00:00,46.89,46.89,46.845,46.85,2520
2017-06-15T12:30:00+00:00,46.845,46.855,46.835,46.845,4158
2017-06-15T12:31:00+00:00,46.835,46.835,46.815,46.835,3780
2017-06-15T12:32:00+00:00,46.83,46.885,46.83,46.88,3402
2017-06-15T12:33:00+00:00,46.875,46.885,46.835,46.835,5922
2017-06-15T12:34:00+00:00,46.84,46.85,46.83,46.83,6678
2017-06-15T12:35:00+00:00,46.835,46.865,46.825,46.85,5796
2017-06-15T12:36:00+00:00,46.845,46.845,46.815,46.825,6048
2017-06-15T12:37:00+00:00,46.82,46.835,46.805,46.835,7938
2017-06-15T12:38:00+00:00,46.84,46.885,46.84,46.875,4788
2017-06-15T12:39:00+00:00,46.88,46.895,46.87,46.875,3906
2017-06-15T12:40:00+00:00,46.87,46.87,46.82,46.825,3528
2017-06-15T12:41:00+00:00,46.82,46.825,46.8,46.815,5544
2017-06-15T12:42:00+00:00,46.82,46.835,46.815,46.82,2394
2017-06-15T12:43:00+00:00,46.825,46.825,46.8,46.825,5040
2017-06-15T12:44:00+00:00,46.82,46.825,46.8,46.815,5418
2017-06-15T12:45:00+00:00,46.81,46.815,46.8,46.81,4284
2017-06-15T12:46:00+00:00,46.815,46.815,46.8,46.805,6048
2017-06-15T12:47:00+00:00,46.8,46.925,46.8,46.905,9072
2017-06-15T12:48:00+00:00,46.9,46.92,46.895,46.895,3276
2017-06-15T12:49:00+00:00,46.89,46.915,46.875,46.915,5796
2017-06-15T12:50:00+00:00,46.92,46.925,46.9,46.905,3150
2017-06-15T12:51:00+00:00,46.9,46.955,46.9,46.945,7182
2017-06-15T12:52:00+00:00,46.94,47,46.94,46.945,5796
2017-06-15T12:53:00+00:00,46.95,46.95,46.935,46.935,2394
2017-06-15T12:54:00+00:00,46.925,46.925,46.895,46.895,1008
2017-06-15T12:55:00+00:00,46.9,46.905,46.885,46.89,1764
2017-06-15T12:56:00+00:00,46.895,46.9,46.87,46.875,2646
2017-06-15T12:57:00+00:00,46.87,46.895,46.87,46.875,1890
2017-06-15T12:58:00+00:00,46.875,46.925,46.86,46.905,7056
2017-06-15T12:59:00+00:00,46.9,46.935,46.885,46.925,5166
2017-06-15T13:00:00+00:00,46.93,46.995,46.925,46.965,8442
2017-06-15T13:01:00+00:00,46.97,46.985,46.86,46.88,14364
2017-06-15T13:02:00+00:00,46.88,46.915,46.875,46.9,6552
2017-06-15T13:03:00+00:00,46.895,46.92,46.88,46.9,5166
2017-06-15T13:04:00+00:00,46.895,46.915,46.89,46.905,4158
2017-06-15T13:05:00+00:00,46.91,46.915,46.86,46.865,5670
2017-06-15T13:06:00+00:00,46.87,46.885,46.815,46.815,7560
2017-06-15T13:07:00+00:00,46.81,46.9,46.81,46.9,11844
2017-06-15T13:08:00+00:00,46.895,46.905,46.88,46.885,4536
2017-06-15T13:09:00+00:00,46.88,46.885,46.86,46.88,5796
2017-06-15T13:10:00+00:00,46.875,46.88,46.855,46.865,3906
2017-06-15T13:11:00+00:00,46.87,46.885,46.86,46.875,1512
2017-06-15T13:12:00+00:00,46.88,46.905,46.875,46.895,2016
2017-06-15T13:13:00+00:00,46.895,46.905,46.885,46.895,4788
2017-06-15T13:14:00+00:00,46.89,46.905,46.885,46.895,2520
2017-06-15T13:15:00+00:00,46.89,46.895,46.88,46.885,1512
2017-06-15T13:16:00+00:00,46.88,46.88,46.84,46.84,5040
2017-06-15T13:17:00+00:00,46.835,46.845,46.835,46.845,2394
2017-06-15T13:18:00+00:00,46.84,46.845,46.835,46.835,1260
2017-06-15T13:19:00+00:00,46.84,46.845,46.825,46.84,5040
2017-06-15T13:20:00+00:00,46.835,46.845,46.815,46.83,3402
2017-06-15T13:21:00+00:00,46.825,46.865,46.825,46.835,4032
2017-06-15T13:22:00+00:00,46.84,46.865,46.835,46.845,3402
2017-06-15T13:23:00+00:00,46.85,46.885,46.835,46.875,3654
2017-06-15T13:24:00+00:00,46.88,46.895,46.88,46.895,2394
2017-06-15T13:25:00+00:00,46.895,46.915,46.895,46.905,3276
2017-06-15T13:26:00+00:00,46.91,46.91,46.895,46.905,2772
2017-06-15T13:27:00+00:00,46.91,46.935,46.905,46.915,4158
2017-06-15T13:28:00+00:00,46.91,46.94,46.905,46.92,5040
2017-06-15T13:29:00+00:00,46.92,46.955,46.92,46.955,6678
2017-06-15T13:30:00+00:00,46.95,46.965,46.94,46.965,7560
2017-06-15T13:31:00+00:00,46.96,47.03,46.96,47.03,8442
2017-06-15T13:32:00+00:00,47.035,47.035,46.955,46.955,7938
2017-06-15T13:33:00+00:00,46.96,46.965,46.92,46.935,10962
2017-06-15T13:34:00+00:00,46.93,46.965,46.93,46.955,3528
2017-06-15T13:35:00+00:00,46.96,46.975,46.94,46.955,5922
2017-06-15T13:36:00+00:00,46.95,46.955,46.925,46.935,5418
2017-06-15T13:37:00+00:00,46.93,46.935,46.905,46.925,6048
2017-06-15T13:38:00+00:00,46.93,46.945,46.915,46.915,3780
2017-06-15T13:39:00+00:00,46.92,46.945,46.91,46.915,6552
2017-06-15T13:40:00+00:00,46.92,46.92,46.885,46.885,5418
2017-06-15T13:41:00+00:00,46.88,46.885,46.84,46.885,8946
2017-06-15T13:42:00+00:00,46.89,46.905,46.86,46.875,8568
2017-06-15T13:43:00+00:00,46.875,46.885,46.855,46.855,5292
2017-06-15T13:44:00+00:00,46.86,46.865,46.83,46.84,5040
2017-06-15T13:45:00+00:00,46.845,46.845,46.81,46.835,10080
2017-06-15T13:46:00+00:00,46.83,46.855,46.83,46.855,3402
2017-06-15T13:47:00+00:00,46.85,46.85,46.82,46.825,1764
2017-06-15T13:48:00+00:00,46.83,46.895,46.825,46.875,7686
2017-06-15T13:49:00+00:00,46.87,46.895,46.865,46.875,5670
2017-06-15T13:50:00+00:00,46.88,46.895,46.865,46.885,2646
2017-06-15T13:51:00+00:00,46.88,46.915,46.88,46.905,2772
2017-06-15T13:52:00+00:00,46.91,46.93,46.905,46.93,3150
2017-06-15T13:53:00+00:00,46.935,46.965,46.935,46.955,3654
2017-06-15T13:54:00+00:00,46.96,46.99,46.94,46.94,6552
2017-06-15T13:55:00+00:00,46.945,46.975,46.935,46.965,2898
2017-06-15T13:56:00+00:00,46.97,47,46.96,47,6552
2017-06-15T13:57:00+00:00,46.995,47.025,46.98,47,7938
2017-06-15T13:58:00+00:00,46.995,47.005,46.975,46.975,3528
2017-06-15T13:59:00+00:00,46.98,46.995,46.965,46.97,3906
2017-06-15T14:00:00+00:00,46.965,46.995,46.965,46.975,5166
2017-06-15T14:01:00+00:00,46.97,46.97,46.905,46.905,7938
2017-06-15T14:02:00+00:00,46.9,46.955,46.895,46.955,7686
2017-06-15T14:03:00+00:00,46.96,47.095,46.96,47.085,11844
2017-06-15T14:04:00+00:00,47.075,47.09,47.035,47.04,5796
2017-06-15T14:05:00+00:00,47.045,47.105,47.04,47.07,8946
2017-06-15T14:06:00+00:00,47.07,47.075,47.03,47.035,4788
2017-06-15T14:07:00+00:00,47.03,47.035,46.975,47.02,7560
2017-06-15T14:08:00+00:00,47.015,47.035,46.97,46.98,5922
2017-06-15T14:09:00+00:00,46.985,46.985,46.955,46.965,6804
2017-06-15T14:10:00+00:00,46.96,46.98,46.945,46.975,6552
2017-06-15T14:11:00+00:00,46.97,46.97,46.905,46.92,6048
2017-06-15T14:12:00+00:00,46.915,46.925,46.905,46.92,2520
2017-06-15T14:13:00+00:00,46.915,46.935,46.915,46.925,4914
2017-06-15T14:14:00+00:00,46.92,46.92,46.875,46.9,8190
2017-06-15T14:15:00+00:00,46.905,46.925,46.89,46.925,7434
2017-06-15T14:16:00+00:00,46.93,46.935,46.915,46.92,3528
2017-06-15T14:17:00+00:00,46.925,46.945,46.92,46.945,2772
2017-06-15T14:18:00+00:00,46.94,46.945,46.905,46.905,4914
2017-06-15T14:19:00+00:00,46.91,46.91,46.87,46.875,4914
2017-06-15T14:20:00+00:00,46.87,46.87,46.825,46.83,6048
2017-06-15T14:21:00+00:00,46.835,46.865,46.835,46.86,5670
2017-06-15T14:22:00+00:00,46.855,46.865,46.84,46.855,3906
2017-06-15T14:23:00+00:00,46.85,46.86,46.82,46.86,6174
2017-06-15T14:24:00+00:00,46.865,46.875,46.835,46.84,8316
2017-06-15T14:25:00+00:00,46.84,46.845,46.83,46.845,4788
2017-06-15T14:26:00+00:00,46.84,46.845,46.835,46.84,2520
2017-06-15T14:27:00+00:00,46.845,46.885,46.845,46.885,3150
2017-06-15T14:28:00+00:00,46.88,46.92,46.88,46.915,3906
2017-06-15T14:29:00+00:00,46.92,46.985,46.92,46.955,8442
2017-06-15T14:30:00+00:00,46.95,46.965,46.905,46.905,5670
2017-06-15T14:31:00+00:00,46.91,46.935,46.9,46.91,4662
2017-06-15T14:32:00+00:00,46.905,46.905,46.84,46.845,7308
2017-06-15T14:33:00+00:00,46.85,46.865,46.845,46.855,2646
2017-06-15T14:34:00+00:00,46.86,46.875,46.85,46.865,4788
2017-06-15T14:35:00+00:00,46.86,46.865,46.825,46.835,4662
2017-06-15T14:36:00+00:00,46.825,46.855,46.81,46.84,5040
2017-06-15T14:37:00+00:00,46.845,46.88,46.835,46.855,5796
2017-06-15T14:38:00+00:00,46.86,46.895,46.855,46.885,3654
2017-06-15T14:39:00+00:00,46.89,46.905,46.885,46.9,3150
2017-06-15T14:40:00+00:00,46.905,46.905,46.875,46.895,3276
2017-06-15T14:41:00+00:00,46.89,46.9,46.86,46.885,6930
2017-06-15T14:42:00+00:00,46.89,46.895,46.86,46.895,6174
2017-06-15T14:43:00+00:00,46.9,46.905,46.875,46.875,3024
2017-06-15T14:44:00+00:00,46.885,46.895,46.86,46.865,3024
2017-06-15T14:45:00+00:00,46.86,46.875,46.84,46.845,7686
2017-06-15T14:46:00+00:00,46.84,46.84,46.725,46.735,13104
2017-06-15T14:47:00+00:00,46.74,46.78,46.69,46.715,13230
2017-06-15T14:48:00+00:00,46.72,46.77,46.72,46.765,7560
2017-06-15T14:49:00+00:00,46.77,46.79,46.74,46.755,10080
2017-06-15T14:50:00+00:00,46.76,46.765,46.735,46.735,6552
2017-06-15T14:51:00+00:00,46.73,46.73,46.695,46.725,9828
2017-06-15T14:52:00+00:00,46.73,46.785,46.73,46.775,7056
2017-06-15T14:53:00+00:00,46.77,46.79,46.765,46.785,3402
2017-06-15T14:54:00+00:00,46.79,46.795,46.76,46.775,9198
2017-06-15T14:55:00+00:00,46.765,46.805,46.765,46.8,7686
2017-06-15T14:56:00+00:00,46.8,46.825,46.795,46.815,8064
2017-06-15T14:57:00+00:00,46.82,46.855,46.81,46.855,8946
2017-06-15T14:58:00+00:00,46.86,46.915,46.85,46.865,16506
2017-06-15T14:59:00+00:00,46.87,46.915,46.865,46.885,8946
2017-06-15T15:00:00+00:00,46.89,46.94,46.89,46.905,11970
2017-06-15T15:01:00+00:00,46.91,46.915,46.855,46.865,10584
2017-06-15T15:02:00+00:00,46.865,46.875,46.83,46.835,5670
2017-06-15T15:03:00+00:00,46.83,46.87,46.825,46.86,4662
2017-06-15T15:04:00+00:00,46.855,46.95,46.855,46.925,12600
2017-06-15T15:05:00+00:00,46.92,46.97,46.9,46.905,9954
2017-06-15T15:06:00+00:00,46.9,46.9,46.86,46.885,5040
2017-06-15T15:07:00+00:00,46.88,46.89,46.86,46.885,5922
2017-06-15T15:08:00+00:00,46.865,46.875,46.845,46.845,3150
2017-06-15T15:09:00+00:00,46.85,46.855,46.835,46.835,4158
2017-06-15T15:10:00+00:00,46.84,46.875,46.83,46.835,6300
2017-06-15T15:11:00+00:00,46.84,46.85,46.825,46.835,4914
2017-06-15T15:12:00+00:00,46.83,46.835,46.795,46.8,6678
2017-06-15T15:13:00+00:00,46.8,46.815,46.785,46.795,7812
2017-06-15T15:14:00+00:00,46.8,46.815,46.78,46.795,4536
2017-06-15T15:15:00+00:00,46.79,46.81,46.78,46.79,3906
2017-06-15T15:16:00+00:00,46.785,46.805,46.775,46.795,7686
2017-06-15T15:17:00+00:00,46.8,46.835,46.795,46.815,3654
2017-06-15T15:18:00+00:00,46.81,46.855,46.81,46.825,8064
2017-06-15T15:19:00+00:00,46.83,46.855,46.825,46.845,2898
2017-06-15T15:20:00+00:00,46.85,46.865,46.82,46.825,2646
2017-06-15T15:21:00+00:00,46.815,46.815,46.775,46.795,4410
2017-06-15T15:22:00+00:00,46.795,46.795,46.755,46.765,4914
2017-06-15T15:23:00+00:00,46.775,46.795,46.76,46.765,5544
2017-06-15T15:24:00+00:00,46.76,46.815,46.755,46.775,6174
2017-06-15T15:25:00+00:00,46.775,46.79,46.75,46.76,8064
2017-06-15T15:26:00+00:00,46.755,46.76,46.74,46.76,4788
2017-06-15T15:27:00+00:00,46.755,46.79,46.745,46.79,6678
2017-06-15T15:28:00+00:00,46.785,46.83,46.77,46.83,10836
2017-06-15T15:29:00+00:00,46.83,46.9,46.8,46.9,10836
2017-06-15T15:30:00+00:00,46.895,46.91,46.86,46.91,12348
2017-06-15T15:31:00+00:00,46.92,46.92,46.88,46.91,10206
2017-06-15T15:32:00+00:00,46.92,46.94,46.905,46.91,9702
2017-06-15T15:33:00+00:00,46.91,46.94,46.9,46.92,8064
2017-06-15T15:34:00+00:00,46.93,46.94,46.89,46.9,4662
2017-06-15T15:35:00+00:00,46.89,46.9,46.84,46.87,6426
2017-06-15T15:36:00+00:00,46.88,46.89,46.87,46.87,4788
2017-06-15T15:37:00+00:00,46.88,46.88,46.805,46.82,9450
2017-06-15T15:38:00+00:00,46.815,46.86,46.81,46.85,9198
2017-06-15T15:39:00+00:00,46.85,46.86,46.835,46.855,4032
2017-06-15T15:40:00+00:00,46.85,46.86,46.835,46.85,4788
2017-06-15T15:41:00+00:00,46.845,46.89,46.84,46.89,3150
2017-06-15T15:42:00+00:00,46.885,47,46.88,47,14742
2017-06-15T15:43:00+00:00,47,47,46.94,46.945,6678
2017-06-15T15:44:00+00:00,46.955,46.98,46.95,46.98,7308
2017-06-15T15:45:00+00:00,46.975,46.98,46.925,46.925,5796
2017-06-15T15:46:00+00:00,46.93,46.93,46.885,46.89,6174
2017-06-15T15:47:00+00:00,46.885,46.91,46.88,46.885,7560
2017-06-15T15:48:00+00:00,46.88,46.9,46.875,46.895,3150
2017-06-15T15:49:00+00:00,46.905,46.915,46.895,46.91,2772
2017-06-15T15:50:00+00:00,46.915,46.93,46.89,46.915,3402
2017-06-15T15:51:00+00:00,46.91,46.925,46.905,46.925,2142
2017-06-15T15:52:00+00:00,46.93,46.945,46.925,46.925,3654
2017-06-15T15:53:00+00:00,46.93,46.93,46.915,46.915,3150
2017-06-15T15:54:00+00:00,46.91,46.915,46.905,46.905,504
2017-06-15T15:55:00+00:00,46.9,46.905,46.895,46.895,3528
2017-06-15T15:56:00+00:00,46.9,46.905,46.895,46.905,1008
2017-06-15T15:57:00+00:00,46.915,46.925,46.9,46.91,6804
2017-06-15T15:58:00+00:00,46.905,46.925,46.905,46.915,3402
2017-06-15T15:59:00+00:00,46.91,46.925,46.895,46.905,6426
2017-06-15T16:00:00+00:00,46.91,46.945,46.905,46.94,9576
2017-06-15T16:01:00+00:00,46.935,46.955,46.93,46.935,3150
2017-06-15T16:02:00+00:00,46.945,46.97,46.935,46.935,5544
2017-06-15T16:03:00+00:00,46.93,46.93,46.865,46.89,6678
2017-06-15T16:04:00+00:00,46.895,46.915,46.89,46.905,6678
2017-06-15T16:05:00+00:00,46.905,46.905,46.875,46.885,5544
2017-06-15T16:06:00+00:00,46.885,46.895,46.855,46.855,4536
2017-06-15T16:07:00+00:00,46.85,46.865,46.85,46.855,1386
2017-06-15T16:08:00+00:00,46.86,46.86,46.835,46.845,2142
2017-06-15T16:09:00+00:00,46.85,46.855,46.835,46.845,4158
2017-06-15T16:10:00+00:00,46.85,46.85,46.825,46.84,3276
2017-06-15T16:11:00+00:00,46.845,46.86,46.845,46.855,1512
2017-06-15T16:12:00+00:00,46.85,46.87,46.825,46.865,4032
2017-06-15T16:13:00+00:00,46.87,46.88,46.86,46.865,3528
2017-06-15T16:14:00+00:00,46.87,46.885,46.865,46.875,3906
2017-06-15T16:15:00+00:00,46.87,46.875,46.85,46.87,4914
2017-06-15T16:16:00+00:00,46.865,46.885,46.865,46.875,5040
2017-06-15T16:17:00+00:00,46.875,46.875,46.865,46.865,2142
2017-06-15T16:18:00+00:00,46.86,46.865,46.855,46.86,4032
2017-06-15T16:19:00+00:00,46.86,46.86,46.845,46.855,2646
2017-06-15T16:20:00+00:00,46.85,46.865,46.835,46.855,4158
2017-06-15T16:21:00+00:00,46.865,46.915,46.865,46.895,5922
2017-06-15T16:22:00+00:00,46.9,46.905,46.86,46.86,4410
2017-06-15T16:23:00+00:00,46.855,46.86,46.845,46.845,2016
2017-06-15T16:24:00+00:00,46.845,46.855,46.825,46.855,8820
2017-06-15T16:25:00+00:00,46.85,46.865,46.835,46.855,3528
2017-06-15T16:26:00+00:00,46.86,46.865,46.835,46.835,4032
2017-06-15T16:27:00+00:00,46.84,46.84,46.82,46.825,3654
2017-06-15T16:28:00+00:00,46.83,46.845,46.815,46.845,3906
2017-06-15T16:29:00+00:00,46.85,46.865,46.845,46.865,3150
2017-06-15T16:30:00+00:00,46.86,46.865,46.855,46.855,1638
2017-06-15T16:31:00+00:00,46.85,46.855,46.835,46.845,3276
2017-06-15T16:32:00+00:00,46.85,46.85,46.835,46.85,1386
2017-06-15T16:33:00+00:00,46.855,46.855,46.845,46.855,2016
2017-06-15T16:34:00+00:00,46.86,46.885,46.855,46.885,5040
2017-06-15T16:35:00+00:00,46.885,46.885,46.855,46.865,2772
2017-06-15T16:36:00+00:00,46.875,46.895,46.875,46.895,630
2017-06-15T16:37:00+00:00,46.89,46.905,46.885,46.905,1638
2017-06-15T16:38:00+00:00,46.905,46.905,46.885,46.9,2142
2017-06-15T16:39:00+00:00,46.895,46.915,46.895,46.915,756
2017-06-15T16:40:00+00:00,46.91,46.915,46.905,46.915,630
2017-06-15T16:41:00+00:00,46.915,46.92,46.885,46.895,4158
2017-06-15T16:42:00+00:00,46.895,46.905,46.885,46.9,1638
2017-06-15T16:43:00+00:00,46.895,46.92,46.895,46.915,3402
2017-06-15T16:44:00+00:00,46.915,46.915,46.88,46.895,3780
2017-06-15T16:45:00+00:00,46.9,46.905,46.885,46.895,3528
2017-06-15T16:46:00+00:00,46.9,46.9,46.875,46.875,2268
2017-06-15T16:47:00+00:00,46.885,46.885,46.875,46.875,1890
2017-06-15T16:48:00+00:00,46.885,46.915,46.875,46.915,4284
2017-06-15T16:49:00+00:00,46.925,46.925,46.895,46.895,1764
2017-06-15T16:50:00+00:00,46.885,46.885,46.875,46.875,756
2017-06-15T16:51:00+00:00,46.88,46.9,46.88,46.9,1134
2017-06-15T16:52:00+00:00,46.905,46.925,46.905,46.92,2520
2017-06-15T16:53:00+00:00,46.92,46.925,46.915,46.915,2016
2017-06-15T16:54:00+00:00,46.91,46.915,46.895,46.905,2016
2017-06-15T16:55:00+00:00,46.9,46.92,46.9,46.92,1890
2017-06-15T16:56:00+00:00,46.925,46.925,46.9,46.91,4032
2017-06-15T16:57:00+00:00,46.92,46.955,46.91,46.935,4914
2017-06-15T16:58:00+00:00,46.94,46.96,46.925,46.925,4914
2017-06-15T16:59:00+00:00,46.935,46.945,46.925,46.93,8190
2017-06-15T17:00:00+00:00,46.925,46.935,46.915,46.925,2394
2017-06-15T17:01:00+00:00,46.93,46.94,46.925,46.925,3402
2017-06-15T17:02:00+00:00,46.92,46.925,46.905,46.905,3780
2017-06-15T17:03:00+00:00,46.91,46.91,46.9,46.905,1890
2017-06-15T17:04:00+00:00,46.905,46.905,46.895,46.9,2772
2017-06-15T17:05:00+00:00,46.895,46.915,46.895,46.905,2520
2017-06-15T17:06:00+00:00,46.91,46.935,46.91,46.935,1386
2017-06-15T17:07:00+00:00,46.93,46.935,46.925,46.925,1008
2017-06-15T17:09:00+00:00,46.925,46.945,46.91,46.91,2898
2017-06-15T17:10:00+00:00,46.905,46.925,46.895,46.895,3402
2017-06-15T17:11:00+00:00,46.905,46.905,46.895,46.895,1386
2017-06-15T17:12:00+00:00,46.89,46.895,46.88,46.895,3780
2017-06-15T17:13:00+00:00,46.89,46.895,46.885,46.885,2646
2017-06-15T17:14:00+00:00,46.88,46.885,46.87,46.875,2772
2017-06-15T17:15:00+00:00,46.87,46.88,46.87,46.875,2016
2017-06-15T17:16:00+00:00,46.87,46.875,46.865,46.87,2394
2017-06-15T17:17:00+00:00,46.87,46.885,46.87,46.885,1512
2017-06-15T17:18:00+00:00,46.885,46.885,46.855,46.865,1638
2017-06-15T17:19:00+00:00,46.86,46.86,46.835,46.85,5166
2017-06-15T17:20:00+00:00,46.855,46.855,46.845,46.85,2646
2017-06-15T17:21:00+00:00,46.845,46.865,46.845,46.855,2142
2017-06-15T17:22:00+00:00,46.85,46.855,46.85,46.855,252
2017-06-15T17:23:00+00:00,46.85,46.855,46.83,46.855,4158
2017-06-15T17:24:00+00:00,46.86,46.865,46.855,46.865,1008
2017-06-15T17:25:00+00:00,46.86,46.865,46.845,46.865,1890
2017-06-15T17:26:00+00:00,46.87,46.88,46.865,46.875,2520
2017-06-15T17:27:00+00:00,46.865,46.895,46.865,46.885,2646
2017-06-15T17:28:00+00:00,46.89,46.895,46.885,46.89,756
2017-06-15T17:29:00+00:00,46.885,46.895,46.88,46.885,1512
2017-06-15T17:30:00+00:00,46.88,46.895,46.88,46.895,882
2017-06-15T17:31:00+00:00,46.9,46.925,46.895,46.915,2268
2017-06-15T17:32:00+00:00,46.925,46.925,46.915,46.915,882
2017-06-15T17:33:00+00:00,46.92,46.925,46.895,46.895,3024
2017-06-15T17:34:00+00:00,46.89,46.89,46.865,46.88,3654
2017-06-15T17:35:00+00:00,46.875,46.875,46.855,46.855,630
2017-06-15T17:36:00+00:00,46.85,46.855,46.84,46.85,4914
2017-06-15T17:37:00+00:00,46.845,46.86,46.845,46.855,2646
2017-06-15T17:38:00+00:00,46.85,46.85,46.835,46.845,1134
2017-06-15T17:39:00+00:00,46.84,46.855,46.835,46.85,1890
2017-06-15T17:40:00+00:00,46.855,46.855,46.83,46.835,1008
2017-06-15T17:41:00+00:00,46.845,46.85,46.825,46.835,5292
2017-06-15T17:42:00+00:00,46.84,46.84,46.82,46.82,756
2017-06-15T17:43:00+00:00,46.815,46.855,46.815,46.855,3276
2017-06-15T17:44:00+00:00,46.85,46.85,46.82,46.83,1764
2017-06-15T17:45:00+00:00,46.835,46.835,46.82,46.825,3528
2017-06-15T17:46:00+00:00,46.83,46.855,46.83,46.835,1260
2017-06-15T17:47:00+00:00,46.845,46.855,46.835,46.835,882
2017-06-15T17:48:00+00:00,46.84,46.845,46.835,46.835,1386
2017-06-15T17:49:00+00:00,46.84,46.845,46.825,46.83,1890
2017-06-15T17:50:00+00:00,46.825,46.835,46.825,46.835,882
2017-06-15T17:52:00+00:00,46.84,46.845,46.835,46.84,3276
2017-06-15T17:53:00+00:00,46.845,46.855,46.84,46.845,1386
2017-06-15T17:54:00+00:00,46.845,46.875,46.845,46.865,1134
2017-06-15T17:55:00+00:00,46.865,46.875,46.855,46.855,2142
2017-06-15T17:56:00+00:00,46.85,46.855,46.845,46.85,3276
2017-06-15T17:57:00+00:00,46.855,46.865,46.835,46.85,4788
2017-06-15T17:58:00+00:00,46.85,46.865,46.845,46.86,4536
2017-06-15T17:59:00+00:00,46.86,46.86,46.825,46.825,2772
2017-06-15T18:00:00+00:00,46.82,46.82,46.775,46.785,5292
2017-06-15T18:01:00+00:00,46.79,46.795,46.765,46.775,5418
2017-06-15T18:02:00+00:00,46.77,46.805,46.76,46.805,6300
2017-06-15T18:03:00+00:00,46.81,46.825,46.805,46.805,3402
2017-06-15T18:04:00+00:00,46.785,46.795,46.785,46.785,2646
2017-06-15T18:05:00+00:00,46.78,46.805,46.78,46.8,3024
2017-06-15T18:06:00+00:00,46.805,46.805,46.795,46.8,1008
2017-06-15T18:07:00+00:00,46.8,46.815,46.795,46.81,3150
2017-06-15T18:08:00+00:00,46.805,46.815,46.795,46.795,4032
2017-06-15T18:09:00+00:00,46.8,46.835,46.795,46.815,4410
2017-06-15T18:10:00+00:00,46.805,46.815,46.805,46.805,1386
2017-06-15T18:11:00+00:00,46.805,46.815,46.805,46.805,1764
2017-06-15T18:12:00+00:00,46.815,46.835,46.815,46.825,1260
2017-06-15T18:13:00+00:00,46.83,46.855,46.83,46.845,3150
2017-06-15T18:14:00+00:00,46.845,46.865,46.84,46.855,2268
2017-06-15T18:15:00+00:00,46.86,46.9,46.86,46.895,6300
2017-06-15T18:16:00+00:00,46.9,46.905,46.875,46.885,5544
2017-06-15T18:17:00+00:00,46.895,46.905,46.875,46.885,7938
2017-06-15T18:18:00+00:00,46.875,46.885,46.86,46.865,5418
2017-06-15T18:19:00+00:00,46.87,46.88,46.86,46.875,2394
2017-06-15T18:20:00+00:00,46.88,46.895,46.88,46.885,2268
2017-06-15T18:21:00+00:00,46.895,46.895,46.835,46.85,2520
2017-06-15T18:22:00+00:00,46.845,46.855,46.825,46.825,5670
2017-06-15T18:23:00+00:00,46.82,46.835,46.805,46.815,8064
2017-06-15T18:24:00+00:00,46.82,46.82,46.78,46.795,7812
2017-06-15T18:25:00+00:00,46.79,46.79,46.765,46.78,11088
2017-06-15T18:26:00+00:00,46.775,46.845,46.775,46.84,9324
2017-06-15T18:27:00+00:00,46.835,46.935,46.825,46.895,16002
2017-06-15T18:28:00+00:00,46.895,46.925,46.88,46.905,11592
2017-06-15T18:29:00+00:00,46.895,46.905,46.845,46.875,20790
2017-06-15T18:30:00+00:00,46.885,46.885,46.85,46.865,9198
2017-06-15T18:31:00+00:00,46.86,46.885,46.85,46.885,4662
2017-06-15T18:32:00+00:00,46.885,46.885,46.885,46.885,126
2017-06-15T18:33:00+00:00,46.88,46.885,46.875,46.885,1386
2017-06-15T18:34:00+00:00,46.88,46.885,46.875,46.875,2016
2017-06-15T18:35:00+00:00,46.88,46.88,46.87,46.875,1890
2017-06-15T18:36:00+00:00,46.87,46.94,46.865,46.925,4158
2017-06-15T18:37:00+00:00,46.925,46.925,46.895,46.915,2268
2017-06-15T18:38:00+00:00,46.91,46.91,46.885,46.895,2016
2017-06-15T18:39:00+00:00,46.895,46.9,46.885,46.89,3528
2017-06-15T18:40:00+00:00,46.895,46.895,46.88,46.88,2898
2017-06-15T18:41:00+00:00,46.875,46.885,46.87,46.875,1008
2017-06-15T18:42:00+00:00,46.88,46.885,46.865,46.885,2142
2017-06-15T18:43:00+00:00,46.875,46.895,46.875,46.885,1764
2017-06-15T18:44:00+00:00,46.89,46.895,46.875,46.885,2520
2017-06-15T18:45:00+00:00,46.885,46.895,46.875,46.875,1764
2017-06-15T18:46:00+00:00,46.87,46.875,46.845,46.845,2142
2017-06-15T18:47:00+00:00,46.84,46.865,46.835,46.865,2268
2017-06-15T18:48:00+00:00,46.855,46.865,46.855,46.855,882
2017-06-15T18:49:00+00:00,46.855,46.865,46.835,46.835,3780
2017-06-15T18:50:00+00:00,46.835,46.845,46.835,46.835,2646
2017-06-15T18:51:00+00:00,46.835,46.86,46.835,46.855,1512
2017-06-15T18:52:00+00:00,46.86,46.9,46.86,46.89,4158
2017-06-15T18:53:00+00:00,46.885,46.89,46.88,46.89,756
2017-06-15T18:54:00+00:00,46.89,46.905,46.885,46.885,1764
2017-06-15T18:55:00+00:00,46.89,46.89,46.845,46.86,2520
2017-06-15T18:56:00+00:00,46.855,46.86,46.845,46.845,1386
2017-06-15T18:57:00+00:00,46.85,46.855,46.845,46.855,1512
2017-06-15T18:58:00+00:00,46.85,46.855,46.85,46.855,378
2017-06-15T18:59:00+00:00,46.86,46.865,46.845,46.865,2016
2017-06-15T19:00:00+00:00,46.86,46.86,46.845,46.845,1008
2017-06-15T19:01:00+00:00,46.85,46.885,46.845,46.885,1764
2017-06-15T19:02:00+00:00,46.885,46.895,46.88,46.895,1008
2017-06-15T19:03:00+00:00,46.89,46.895,46.875,46.875,1386
2017-06-15T19:04:00+00:00,46.88,46.88,46.875,46.875,504
2017-06-15T19:05:00+00:00,46.885,46.895,46.885,46.885,882
2017-06-15T19:06:00+00:00,46.89,46.895,46.885,46.885,504
2017-06-15T19:07:00+00:00,46.89,46.895,46.885,46.895,630
2017-06-15T19:08:00+00:00,46.895,46.905,46.895,46.905,882
2017-06-15T19:09:00+00:00,46.9,46.9,46.895,46.895,252
2017-06-15T19:10:00+00:00,46.865,46.89,46.865,46.87,2625
2017-06-15T19:11:00+00:00,46.865,46.875,46.84,46.845,3528
2017-06-15T19:12:00+00:00,46.845,46.855,46.84,46.84,3780
2017-06-15T19:13:00+00:00,46.845,46.85,46.84,46.845,2898
2017-06-15T19:14:00+00:00,46.845,46.85,46.84,46.84,1386
2017-06-15T19:15:00+00:00,46.845,46.865,46.845,46.865,2394
2017-06-15T19:16:00+00:00,46.86,46.86,46.85,46.855,630
2017-06-15T19:17:00+00:00,46.86,46.86,46.855,46.855,882
2017-06-15T19:18:00+00:00,46.86,46.865,46.855,46.855,1008
2017-06-15T19:19:00+00:00,46.86,46.86,46.85,46.85,2016
2017-06-15T19:20:00+00:00,46.85,46.86,46.85,46.855,2142
2017-06-15T19:21:00+00:00,46.85,46.855,46.85,46.855,630
2017-06-15T19:22:00+00:00,46.85,46.85,46.845,46.845,252
2017-06-15T19:23:00+00:00,46.85,46.85,46.845,46.845,630
2017-06-15T19:24:00+00:00,46.85,46.855,46.84,46.855,1638
2017-06-15T19:25:00+00:00,46.86,46.86,46.855,46.855,252
2017-06-15T19:26:00+00:00,46.865,46.865,46.855,46.855,504
2017-06-15T19:27:00+00:00,46.86,46.86,46.855,46.855,252
2017-06-15T19:28:00+00:00,46.865,46.865,46.855,46.865,882
2017-06-15T19:29:00+00:00,46.855,46.86,46.85,46.855,882
2017-06-15T19:30:00+00:00,46.85,46.865,46.85,46.855,1512
2017-06-15T19:31:00+00:00,46.85,46.85,46.835,46.835,1008
2017-06-15T19:32:00+00:00,46.83,46.83,46.825,46.825,378
2017-06-15T19:33:00+00:00,46.815,46.83,46.81,46.815,1890
2017-06-15T19:34:00+00:00,46.81,46.82,46.805,46.81,2520
2017-06-15T19:35:00+00:00,46.805,46.825,46.805,46.81,1890
2017-06-15T19:36:00+00:00,46.805,46.835,46.805,46.825,1134
2017-06-15T19:37:00+00:00,46.82,46.82,46.82,46.82,126
2017-06-15T19:38:00+00:00,46.815,46.835,46.815,46.835,2646
2017-06-15T19:39:00+00:00,46.83,46.845,46.82,46.82,2520
2017-06-15T19:40:00+00:00,46.825,46.84,46.825,46.835,1638
2017-06-15T19:41:00+00:00,46.83,46.835,46.815,46.82,1890
2017-06-15T19:42:00+00:00,46.825,46.835,46.815,46.815,1386
2017-06-15T19:43:00+00:00,46.82,46.835,46.82,46.835,1134
2017-06-15T19:44:00+00:00,46.83,46.845,46.825,46.835,2772
2017-06-15T19:45:00+00:00,46.84,46.845,46.835,46.845,1386
2017-06-15T19:46:00+00:00,46.85,46.855,46.845,46.845,1386
2017-06-15T19:47:00+00:00,46.835,46.84,46.83,46.84,2646
2017-06-15T19:48:00+00:00,46.835,46.86,46.835,46.855,1638
2017-06-15T19:49:00+00:00,46.86,46.86,46.845,46.855,2016
2017-06-15T19:50:00+00:00,46.86,46.865,46.85,46.85,4158
2017-06-15T19:51:00+00:00,46.855,46.86,46.845,46.855,3024
2017-06-15T19:52:00+00:00,46.86,46.86,46.855,46.855,1386
2017-06-15T19:53:00+00:00,46.855,46.855,46.85,46.85,882
2017-06-15T19:54:00+00:00,46.855,46.855,46.845,46.855,1638
2017-06-15T19:55:00+00:00,46.86,46.865,46.855,46.865,1134
2017-06-15T19:56:00+00:00,46.86,46.865,46.855,46.865,2016
2017-06-15T19:57:00+00:00,46.87,46.87,46.865,46.865,252
2017-06-15T19:58:00+00:00,46.87,46.87,46.86,46.87,2268
2017-06-15T19:59:00+00:00,46.875,46.875,46.845,46.85,3906
2017-06-15T20:00:00+00:00,46.855,46.855,46.845,46.845,2142
2017-06-15T20:01:00+00:00,46.84,46.845,46.84,46.84,378
2017-06-15T20:02:00+00:00,46.845,46.855,46.845,46.85,630
2017-06-15T20:03:00+00:00,46.845,46.855,46.845,46.855,1512
2017-06-15T20:04:00+00:00,46.865,46.865,46.855,46.86,1512
2017-06-15T20:05:00+00:00,46.865,46.865,46.855,46.855,756
2017-06-15T20:06:00+00:00,46.865,46.87,46.86,46.86,1260
2017-06-15T20:07:00+00:00,46.855,46.86,46.855,46.86,504
2017-06-15T20:08:00+00:00,46.86,46.86,46.86,46.86,252
2017-06-15T20:09:00+00:00,46.855,46.865,46.855,46.86,1386
2017-06-15T20:10:00+00:00,46.855,46.855,46.845,46.845,756
2017-06-15T20:11:00+00:00,46.84,46.845,46.84,46.845,1134
2017-06-15T20:13:00+00:00,46.805,46.83,46.805,46.83,1113
2017-06-15T20:14:00+00:00,46.825,46.835,46.82,46.835,882
2017-06-15T20:17:00+00:00,46.83,46.83,46.825,46.825,504
2017-06-15T20:18:00+00:00,46.835,46.835,46.825,46.825,1260
2017-06-15T20:19:00+00:00,46.83,46.83,46.825,46.825,378
2017-06-15T20:20:00+00:00,46.83,46.83,46.83,46.83,126
2017-06-15T20:21:00+00:00,46.83,46.855,46.825,46.85,2268
2017-06-15T20:22:00+00:00,46.845,46.85,46.845,46.85,756
2017-06-15T20:23:00+00:00,46.855,46.855,46.845,46.845,1134
2017-06-15T20:24:00+00:00,46.85,46.855,46.85,46.855,252
2017-06-15T20:25:00+00:00,46.85,46.855,46.845,46.845,630
2017-06-15T20:26:00+00:00,46.85,46.855,46.85,46.855,378
2017-06-15T20:27:00+00:00,46.85,46.85,46.85,46.85,126
2017-06-15T20:28:00+00:00,46.855,46.855,46.85,46.855,378
2017-06-15T20:29:00+00:00,46.845,46.85,46.835,46.835,630
2017-06-15T20:30:00+00:00,46.835,46.84,46.835,46.835,630
2017-06-15T20:31:00+00:00,46.84,46.84,46.835,46.835,252
2017-06-15T20:32:00+00:00,46.835,46.835,46.825,46.83,882
2017-06-15T20:33:00+00:00,46.835,46.845,46.835,46.835,1638
2017-06-15T20:34:00+00:00,46.84,46.845,46.835,46.845,630
2017-06-15T20:35:00+00:00,46.855,46.855,46.84,46.85,882
2017-06-15T20:36:00+00:00,46.845,46.86,46.845,46.855,1008
2017-06-15T20:37:00+00:00,46.855,46.855,46.835,46.85,2016
2017-06-15T20:38:00+00:00,46.855,46.855,46.84,46.84,1134
2017-06-15T20:39:00+00:00,46.835,46.835,46.825,46.83,1008
2017-06-15T20:40:00+00:00,46.825,46.83,46.82,46.83,630
2017-06-15T20:41:00+00:00,46.825,46.835,46.815,46.835,1260
2017-06-15T20:42:00+00:00,46.835,46.84,46.835,46.84,378
2017-06-15T20:43:00+00:00,46.845,46.855,46.835,46.845,1890
2017-06-15T20:44:00+00:00,46.845,46.845,46.84,46.845,630
2017-06-15T20:45:00+00:00,46.84,46.84,46.815,46.83,4158
2017-06-15T20:46:00+00:00,46.83,46.835,46.825,46.83,1134
2017-06-15T20:47:00+00:00,46.825,46.83,46.825,46.825,882
2017-06-15T20:48:00+00:00,46.82,46.825,46.82,46.825,630
2017-06-15T20:49:00+00:00,46.825,46.825,46.82,46.82,630
2017-06-15T20:50:00+00:00,46.815,46.815,46.78,46.785,6048
2017-06-15T20:51:00+00:00,46.78,46.79,46.78,46.785,1386
2017-06-15T20:52:00+00:00,46.78,46.78,46.78,46.78,126
2017-06-15T20:53:00+00:00,46.775,46.775,46.69,46.72,5544
2017-06-15T20:54:00+00:00,46.725,46.745,46.725,46.745,1890
2017-06-15T20:55:00+00:00,46.74,46.74,46.715,46.72,2520
2017-06-15T20:56:00+00:00,46.725,46.725,46.7,46.705,1638
2017-06-15T20:57:00+00:00,46.71,46.72,46.71,46.715,1008
2017-06-15T20:58:00+00:00,46.715,46.725,46.71,46.715,2394
2017-06-15T20:59:00+00:00,46.71,46.715,46.7,46.705,4410